nom_utilisateur,nom_complet,biographie,external_url,nb_followers,nb_suivis,id_compte,compte_prive,compte_verifie,nb_post,nb_video_posts,url_image_profil,nb_likes_total,nb_comments_total,category_hashtag
xenon_ne,Alin Ma,"Cosplayer ğŸ‘˜ CosMAKER ğŸ–¤ 
Backup  @xenon_kos
Twitt3r â¡ Xenon_we
More content ğŸ”¥
â¬‡â¬‡",https://linktr.ee/Xenon_ne,322801,764,1150301979,False,False,537,0,https://scontent-ord5-2.cdninstagram.com/v/t51.2885-19/423159578_293840766667906_5235721393558691051_n.jpg?_nc_ht=scontent-ord5-2.cdninstagram.com&_nc_cat=110&_nc_ohc=iBEILZ8XBTYAX9NxhSN&edm=AEF8tYYBAAAA&ccb=7-5&oh=00_AfCqdVWqnw3ev8fCmAL-s0yDT6MFp39NK3uYdK70DeptGw&oe=660F3CBB&_nc_sid=1e20d2,11259305,0,"cosplay, cosplaygirl, makeup, anime, genshinimpact, chainsawman, leagueoflegendscosplay, leagueoflegends, wig, makima"
____s.a.k.u.r.a____,ğŸŒ¸ ğŠğšğ«ğğ§ ğ. ğŸŒ¸,"ğğ¢ğ§ğ¤ ğ¢ğ¬ ğšğ§ ğ€ğ­ğ­ğ¢ğ­ğ®ğğğŸŒ¸
ğŸŒŸ ğ˜œğ˜¯ğ˜­ğ˜¦ğ˜¢ğ˜´ğ˜©ğ˜ªğ˜¯ğ˜¨ ğ˜µğ˜©ğ˜¦ ğ˜®ğ˜¢ğ˜¨ğ˜ªğ˜¤ğ˜¢ğ˜­ ğ˜´ğ˜ºğ˜¯ğ˜¦ğ˜³ğ˜¨ğ˜º ğ˜°ğ˜§ ğ˜¬ğ˜¢ğ˜¸ğ˜¢ğ˜ªğ˜ª ğ˜¢ğ˜¯ğ˜¥ ğ˜¤ğ˜ºğ˜£ğ˜¦ğ˜³ğ˜±ğ˜¶ğ˜¯ğ˜¬ ğ˜ªğ˜¯ ğ˜®ğ˜º ğ˜®ğ˜¶ğ˜­ğ˜µğ˜ªğ˜¥ğ˜ªğ˜´ğ˜¤ğ˜ªğ˜±ğ˜­ğ˜ªğ˜¯ğ˜¢ğ˜³ğ˜º ğ˜¢ğ˜³ğ˜µ! âœ¨
âœ¨ğ˜”ğ˜‘+ğ˜—ğ˜³ğ˜°ğ˜¤ğ˜³ğ˜¦ğ˜¢ğ˜µğ˜¦+ğ˜—ğ˜šâœ¨",https://ko-fi.com/sakuraworld,82989,293,54829458633,False,True,776,3,https://scontent-cdg4-1.cdninstagram.com/v/t51.2885-19/358138441_655320889501834_2766649269814826951_n.jpg?_nc_ht=scontent-cdg4-1.cdninstagram.com&_nc_cat=110&_nc_ohc=LiYFDR3sjVcAX_c104O&edm=AEF8tYYBAAAA&ccb=7-5&oh=00_AfAx4tP4IBMdb-Ci52yllSb1vbkSrJbos-w34ROXpW5NUA&oe=660F5160&_nc_sid=1e20d2,986629,14964,"pink, kawaii, 1, neon, love, anime, babe, kawaiigirl, manga, nekogirl"
bbnomula,bbno$,itâ€™s baby no money,https://bbnos.lnk.to/lilfreak,1409293,1093,45693846,False,True,314,91,https://scontent-cdg4-1.cdninstagram.com/v/t51.2885-19/10979715_349506008590854_1036073094_a.jpg?_nc_ht=scontent-cdg4-1.cdninstagram.com&_nc_cat=1&_nc_ohc=pGsgUgqbqMQAX_x1LFC&edm=AEF8tYYBAAAA&ccb=7-5&oh=00_AfAU3k2qRiA1exxelV_ZG-g0_PsZCY5AYxwBggr_3A3pFQ&oe=660F6B4F&_nc_sid=1e20d2,28621699,252418,"ad, risetoit, 1, bmopartner, babygravygomez, cool, northernbars, bbg, ftc"
angels_pawprint,Nona,"ğŸ¾ Tiktok 364k
ğŸ¾ No custom
ğŸ¾ No orders
All wings on store done 100% and ready for send
Link here ğŸ‘‡",https://ko-fi.com/angels_pawprint,61888,29,56134854147,False,False,264,114,https://scontent-cdg4-2.cdninstagram.com/v/t51.2885-19/418655437_722522416611123_5782122999897070641_n.jpg?_nc_ht=scontent-cdg4-2.cdninstagram.com&_nc_cat=103&_nc_ohc=-WoYvK3pvj0AX_vGniN&edm=AEF8tYYBAAAA&ccb=7-5&oh=00_AfAOPuwe9odJsf5assW9mltU0MY5zVKKJTAjnhv2ILYAKQ&oe=660F7525&_nc_sid=1e20d2,676933,7456,"bluewings, wings, dancewings, angel, cosplay, craft, craftwings, angelswings, photoangel, photosession"
denmikstark,Denis Kim ê¹€ëŒ€í˜¸ Foodkor,"ğŸ‡°ğŸ‡·YouTube-Channel FoodKor 500k+
ğŸ¤˜ğŸ¼Guitarist @thestarkillers 
ğŸšAmbassador CUCKOO 
ğŸ¸Endorser @schecterguitarsofficial 
â¬‡ï¸ Donate",https://www.donationalerts.com/r/foodkor,68302,745,272649965,False,False,2330,482,https://scontent-cdg4-1.cdninstagram.com/v/t51.2885-19/426305008_754439262932408_1552435135396165259_n.jpg?_nc_ht=scontent-cdg4-1.cdninstagram.com&_nc_cat=108&_nc_ohc=yvJR_zPJVskAX-4_XoL&edm=AEF8tYYBAAAA&ccb=7-5&oh=00_AfAZuUOB-F7wgN8fnFXNmdO9sluZfqK72ZZFLmhdkjuL-w&oe=660F4C3B&_nc_sid=1e20d2,1589123,14872,"thestarkillers, turborock, denmikstark, khv, wildeast, foodkor, Ğ½ĞµÑĞ¾ĞºÑ€ÑƒÑˆĞ¸Ğ¼Ñ‹Ğ¹Ğ´Ğ¾Ğ¼Ğ¸Ğ½Ğ¸Ğ¾Ğ½Ñ‚ÑƒÑ€Ğ±Ğ¾Ñ€Ğ¾ĞºĞ°, khabarovsk, Ñ…Ğ°Ğ±Ğ°Ñ€Ğ¾Ğ²ÑĞº, fucknroll"
wuzu.clay,WUZU clay,"Clay x Game x Craft
Love making little things with clayË™áµ•Ë™
â†“ My YouTube channel ğŸª",https://www.youtube.com/c/WUZUclay,853305,29,45233422159,False,False,35,11,https://scontent-cdg4-2.cdninstagram.com/v/t51.2885-19/154404178_858420211682107_3827899200855756529_n.jpg?_nc_ht=scontent-cdg4-2.cdninstagram.com&_nc_cat=107&_nc_ohc=ZvSqxQDqaJQAX9b1yr3&edm=AEF8tYYBAAAA&ccb=7-5&oh=00_AfACIkvqXZizYEXyYLWNz5jfl8v9Qmiuqnd7fzWRscxJyQ&oe=660F7939&_nc_sid=1e20d2,10834339,24095,"miniature, minecraft, wuzuclay, clayart, fanart, clay, diy, making, craft, nintendo"
sn_55_,æ˜Ÿ é‚£ ( ã‚» ãƒŠ ),"ï¼£ï¼¯ï¼¡éŠ€åº§
ï¼¯ï½“ï½ï½‹ï½â†’ï¼´ï½ï½‹ï½™ï½
ç¾å®¹å¸«â†’@sena_coa",https://beauty.hotpepper.jp/slnH000543596/stylist/T000903170/%23stylistHeadline,44914,526,2910400791,False,False,109,7,https://scontent-cdg4-3.cdninstagram.com/v/t51.2885-19/46094078_372568503494694_4491028481433403392_n.jpg?_nc_ht=scontent-cdg4-3.cdninstagram.com&_nc_cat=106&_nc_ohc=p5BWQWGYh0EAX8ooMfQ&edm=AEF8tYYBAAAA&ccb=7-5&oh=00_AfB5USE_b3n_zToIG5Z6tEBjYD7twb63Vsp0kmwQ8febaA&oe=660F605B&_nc_sid=1e20d2,696626,15262,"ãƒ‡ã‚£ã‚ºãƒ‹ãƒ¼ã‚·ãƒ¼, ãƒ‡ã‚£ã‚ºãƒ‹ãƒ¼, ãƒ‡ã‚£ã‚ºãƒ‹ãƒ¼ãƒ©ãƒ³ãƒ‰, éŸ“å›½ãƒ˜ã‚¢, ãƒ‡ã‚£ã‚ºãƒ‹ãƒ¼ã‚³ãƒ¼ãƒ‡, pr, unlics, ã‚¢ãƒ³ãƒªã‚¯ã‚¹, ã‚¹ã‚­ãƒ³ã‚±ã‚¢, ãƒ¡ãƒ³ã‚ºã‚¹ã‚­ãƒ³ã‚±ã‚¢"
davidloop65,David Loop,"Be kind... â¤ï¸
Love people... â¤ï¸ 
And animals too... â¤ï¸ 
Follow me on TikTok davidloop65",https://linktr.ee/davidloop65,266101,400,181851809,False,True,1066,518,https://scontent-cdg4-1.cdninstagram.com/v/t51.2885-19/336299850_943325303697525_1524823471447163555_n.jpg?_nc_ht=scontent-cdg4-1.cdninstagram.com&_nc_cat=1&_nc_ohc=FX8a1dNbaz4AX9CmVfl&edm=AEF8tYYBAAAA&ccb=7-5&oh=00_AfA3T1gSXDd7gtvLj5K8mRZcxkSzRSOq407DroWl8_ZdPw&oe=660F6343&_nc_sid=1e20d2,7706335,183829,"cat, catlife, catsofinstagram, catlover, davidloop65, kitten, cats, dog, dogsofinstagram, kittens"
kojaikosti,ĞºĞ¾Ğ¶Ğ° Ğ¸ ĞºĞ¾ÑÑ‚Ğ¸,"â›“Vinyl and plastic outfits 
â›“Worldwide shipping 
â›“Created by Sofia @smirnovson 
â›“Online shop â€”->",http://kojaikosti.com/,30923,1253,2635426175,False,False,217,52,https://scontent-cdg4-2.cdninstagram.com/v/t51.2885-19/401464968_216386911484271_8663153628980575820_n.jpg?_nc_ht=scontent-cdg4-2.cdninstagram.com&_nc_cat=103&_nc_ohc=x1F9pXnFu28AX97DYJy&edm=AEF8tYYBAAAA&ccb=7-5&oh=00_AfDFjn0ETVguq1RWHS7wvXUWDYfVo_7AaIrzr534CaIHQg&oe=660F71B1&_nc_sid=1e20d2,152008,6021,"crystalbra, harness, lingerie, postfetish, vinylclothing, leathercorset, halloween, halloweencostume, halloweenparty, burningman2022"
witchzmusic,WITCHZ,"SONGWRITER/MUSIC PRODUCER
LAS VEGAS
Sign up for the #WITCHZKVLT 
To get first drops of tix and new ğŸ¼
BOOKING: cory@thehellogroup.com",http://witchzmusic.com/tour,784587,779,221477330,False,False,289,220,https://scontent-cdg4-1.cdninstagram.com/v/t51.2885-19/313918914_166883322617844_5286753621688723627_n.jpg?_nc_ht=scontent-cdg4-1.cdninstagram.com&_nc_cat=1&_nc_ohc=ZjfhRU7yoP0AX98KFEp&edm=AEF8tYYBAAAA&ccb=7-5&oh=00_AfDsLzLc5llhzQKRN4pjkK6fsuMDLE_A7QXHfZgBtoAqKw&oe=660F6F4C&_nc_sid=1e20d2,8383584,106734,"witchz, witchzkvlt, themagick, phonk, witch, alt, witchzlifetour, alternative, killmyvibe, themaster"
guopei,éƒ­åŸ¹GUOPEI,"Beijing | Paris
info@guopei.com",http://www.guopei.com/,681857,76,2040061722,False,True,1163,239,https://scontent-cdg4-2.cdninstagram.com/v/t51.2885-19/384351019_613509520720599_819989393400588062_n.jpg?_nc_ht=scontent-cdg4-2.cdninstagram.com&_nc_cat=103&_nc_ohc=LLuAeilPcagAX-MdEDN&edm=AEF8tYYBAAAA&ccb=7-5&oh=00_AfBUwIzRzZm3jIVcaMWgFaQkFk-WXr0USY-Nlo4OthFgcw&oe=660F5D57&_nc_sid=1e20d2,8695371,60566,"guopei, guopeiparis, couture, pfw, hautecouture, legend, éƒ­åŸ¹, guopeicouture, guopeiss17, guopeihautecouture"
giorno_d,that survivor guy,,,126,67,201892239,False,False,57,1,https://scontent-cdg4-2.cdninstagram.com/v/t51.2885-19/118074853_158318242502196_7681507670648836808_n.jpg?_nc_ht=scontent-cdg4-2.cdninstagram.com&_nc_cat=100&_nc_ohc=dteDHGm8hgQAX9o76Y1&edm=AEF8tYYBAAAA&ccb=7-5&oh=00_AfCGQam6ChQbYII-yHcZY7Ph35wT5F8yEhJI8sh3xWYbdw&oe=660F76DE&_nc_sid=1e20d2,1255,87,"cosplay, nintendo, å¯Œå£«å±±, mtfuji, Ğ¸Ğ³Ñ€Ğ¾Ğ¼Ğ¸Ñ€, comicconrussia, pikachu, ãƒã‚±ãƒ¢ãƒ³, nintendoswitch, switch"
malyarovaolga,Malyarova Olga,"Fashion designer MalyarovaOlga
Haute couture dresses
ĞŸĞ¾ÑˆĞ¸Ğ² Ğ½Ğ° Ğ·Ğ°ĞºĞ°Ğ· -Ğ² Ğ”Ğ¸Ñ€ĞµĞºÑ‚ âœï¸Ğ¡ĞŸĞ± Ğ°Ñ€ĞµĞ½Ğ´Ğ° Ğ¿Ğ»Ğ°Ñ‚ÑŒĞµĞ²
WhatsApp +79216530203 ğŸŒ¹",https://youtu.be/srZDtdUApG8?si=Q-PxWNspigvFffEM,484641,1006,568160123,False,False,4402,649,https://scontent-cdg4-2.cdninstagram.com/v/t51.2885-19/58409276_334219847280387_8426040624259530752_n.jpg?_nc_ht=scontent-cdg4-2.cdninstagram.com&_nc_cat=103&_nc_ohc=nR9gFwmpBRAAX-UNLI3&edm=AEF8tYYBAAAA&ccb=7-5&oh=00_AfADblKUG0nTdRUACm7n8pmA9DLDCCKgoTcenFj3H7jkuQ&oe=660F7E29&_nc_sid=1e20d2,10345899,166723,"dress, couture, hautecouture, malyarovaolga, fashion, Ğ¿Ğ»Ğ°Ñ‚ÑŒĞµ, Ğ¼Ğ°Ğ»ÑÑ€Ğ¾Ğ²Ğ°Ğ¾Ğ»ÑŒĞ³Ğ°, weddingdress, wedding, Ğ¿Ñ€Ğ¾ĞºĞ°Ñ‚"
etereshop,Custom LED & Mirror Costumes,"Yes, we can do it!
Development&production
Worldwide shipping
â €
#ledclothing #mirrorcostumes",https://www.etereshop.com/,154949,1815,1636493545,False,False,2115,419,https://scontent-cdg4-3.cdninstagram.com/v/t51.2885-19/394728622_3190271937947183_2296324001037271690_n.jpg?_nc_ht=scontent-cdg4-3.cdninstagram.com&_nc_cat=111&_nc_ohc=Isx6URf_ZR8AX-o7w79&edm=AEF8tYYBAAAA&ccb=7-5&oh=00_AfBw2mCYtH9e06Ez27xt_wXc38P05UffIbXBFluFYwZwbQ&oe=660F664D&_nc_sid=1e20d2,796143,16872,"etereshop, eventprofs, evententertainment, evententertainers, ledsuit, lightupcostume, mirrorsuit, costumedesign, festivalwear, ledcostume"
mashiro_m,Mashiro,"Cosplayer 
Wigmaker @ashes.wig
Live account @chiisailol
Code: Ttdeye 15% - mashiro",https://linktr.ee/mashiro_m,31867,527,1404827359,False,False,224,6,https://scontent-cdg4-1.cdninstagram.com/v/t51.2885-19/414778250_226984540451036_1606676604538664057_n.jpg?_nc_ht=scontent-cdg4-1.cdninstagram.com&_nc_cat=108&_nc_ohc=xqQUSADWBzIAX-dnlGI&edm=AEF8tYYBAAAA&ccb=7-5&oh=00_AfCoH5c82MwucyOJj5fWsyGU5zm-xow8BS2_421VomrB8Q&oe=660F6487&_nc_sid=1e20d2,329400,3581,"cosplay, cosplaygirl, genshinimpactcosplay, russiancosplay, cosplayrussia, toradoracosplay, cosplayanime, cosplayer, toradoraanime, aisakataiga"
guangdang005,åŸæ¸¸è¯—äººå’£èˆ…çˆ·,"è¿™åªæœ‰æ³•ä»¤çº¹çš„çŒ«çŒ«å«å’£å½“ï¼Œå·²ç»5å²å•¦ï¼Œæ˜¯ä¸ªå¥³å­©å­ï¼Œçˆ±å¥½æ˜¯è¯´è¯ã€‚
è¯·å‹¿è½¬è½½",,1678528,313,27157032698,False,False,228,227,https://scontent-cdg4-1.cdninstagram.com/v/t51.2885-19/358335105_800731271609339_2137841728477039591_n.jpg?_nc_ht=scontent-cdg4-1.cdninstagram.com&_nc_cat=1&_nc_ohc=Q6XAhT_N9joAX_8S_6I&edm=AEF8tYYBAAAA&ccb=7-5&oh=00_AfA34-45nEAQErznmKx7tJrc9zJIE0iGU4q_UF1eJ84Rjw&oe=660F818B&_nc_sid=1e20d2,49281621,273253,"cheerble, wickedsnail"
xenon_kos,Xenon ğŸ–¤,"Main account @xenon_ne
ğŸ”¥ content â¬‡ï¸",https://linktr.ee/Xenon_ne,31978,18,51904793973,False,False,84,0,https://scontent-cdg4-3.cdninstagram.com/v/t51.2885-19/273367628_165562752468510_1222947336332554446_n.jpg?_nc_ht=scontent-cdg4-3.cdninstagram.com&_nc_cat=106&_nc_ohc=SgLhCZ35-dgAX8hRmr7&edm=AEF8tYYBAAAA&ccb=7-5&oh=00_AfDJ9v7tURhk7MFdTTauuwMkhkWY708J1fwmSMe9tuh1ug&oe=660F7AA3&_nc_sid=1e20d2,686797,2804,"genshinimpact, cosplay, genshinimpactcosplay, chainsawman, anime, marinkitagawa, 2b, catgirl, nierautomata, 2bcosplay"
antonlofer,Anton Lofer,"ğŸ­ Anton lofer | Actor
Subiendo reels de humor pa que te lo hoses!
Madrid contacto@antonlofer.com
ğŸŸª TWITCH",,956563,796,4032868,False,True,2282,1309,https://scontent-cdg4-3.cdninstagram.com/v/t51.2885-19/277990189_509019764168207_6725227783193386417_n.jpg?_nc_ht=scontent-cdg4-3.cdninstagram.com&_nc_cat=111&_nc_ohc=Bp-1kk36vjMAX8vpNJH&edm=AEF8tYYBAAAA&ccb=7-5&oh=00_AfDBxmqIDUIv9bo-H3OViaKwwx-6TR6P609fttn1n9qjYw&oe=660F6FC4&_nc_sid=1e20d2,81389988,930428,"antonlofer, humor, yeeha, comedia, popcont, lol, amistades, amigos, padres, tb"
bolek_3d,Tomasz Artur Bolek,"á´›Êœá´‡ á´€Ê€á´„ÊœÉªá´›á´‡á´„á´›á´œÊ€á´€ÊŸ á´…Ê€á´‡á´€á´á´‡Ê€
Creator of the Third Fog War series",http://linktr.ee/bolek_3d,269178,129,4592533353,False,True,189,70,https://scontent-cdg4-1.cdninstagram.com/v/t51.2885-19/357835618_1873768666339126_7086304400117402095_n.jpg?_nc_ht=scontent-cdg4-1.cdninstagram.com&_nc_cat=110&_nc_ohc=qECZ8PI4UxkAX-TQcOi&edm=AEF8tYYBAAAA&ccb=7-5&oh=00_AfCkLuhPasWqY8cRj7YlwwR9_SOiKCp03HQNE6pOUgY4cw&oe=660F6649&_nc_sid=1e20d2,4407886,13202,"architecture, brutalism, artist, archdaily, architexture, fog, brutal_architecture, architectureporn, 3dart, b3d"
lights.are.off,LIGHTS ARE OFF,"I bring nightmares to life with 3D animation! ğŸ’€
My game @zoonomaly is now on Steam:",https://store.steampowered.com/app/2101890/Zoonomaly/,2517798,62,47787100446,False,False,202,187,https://scontent-cdg4-2.cdninstagram.com/v/t51.2885-19/338728819_947158976732847_4145685283132896455_n.jpg?_nc_ht=scontent-cdg4-2.cdninstagram.com&_nc_cat=103&_nc_ohc=61Ew4tD9jDsAX_7r5SA&edm=AEF8tYYBAAAA&ccb=7-5&oh=00_AfAGMga1SPyf2wwuhClj5zqwoQ4Rjk7UxawrUfa5hFsI5Q&oe=660F78DA&_nc_sid=1e20d2,54015332,341527,"reels, horror, cgi, animation, creepy, scary, nightmare, fyp, vfx, foryoupage"
kbspets,KBSPETS LOS ANGELES,"Elevate your cat's life with our luxurious cat furniture
Handmade with care for the planet & animals ğŸŒ±
ğŸ‘‡ğŸ» Shop our products",http://etsy.com/shop/KBSPETS,173881,2352,44805735521,False,False,1209,359,https://scontent-cdg4-3.cdninstagram.com/v/t51.2885-19/427872468_429298879518748_1808821966075761598_n.jpg?_nc_ht=scontent-cdg4-3.cdninstagram.com&_nc_cat=104&_nc_ohc=ZHNNwrNJdkQAX-lYPs7&edm=AEF8tYYBAAAA&ccb=7-5&oh=00_AfCY-ib-1WoIIq0FFUM8AI7QVeLNKXXwXh2QiKIL0EPQeQ&oe=660F6208&_nc_sid=1e20d2,3950713,321794,"catsofinstagram, cattree, kbscatolympics, excellent_cats, catloversclub, meowsandwoofs, cutecatskittens, catsoftheworld, catselfie, meow_beauties"
4alodoi_melovek,AnTon,"In MoscowâœŒğŸ»
MA @genom_mgmt",,1556,364,3588570224,False,False,40,11,https://scontent-cdg4-2.cdninstagram.com/v/t51.2885-19/432605860_1116631606157031_7962420038482111397_n.jpg?_nc_ht=scontent-cdg4-2.cdninstagram.com&_nc_cat=103&_nc_ohc=MoNUFTteoRUAX8rDNCW&edm=AEF8tYYBAAAA&ccb=7-5&oh=00_AfA7B4aw_sEe41AmejapDAxrqdqYLy8ejjVwwuEGYVmVAw&oe=660F6FFA&_nc_sid=1e20d2,57702,1014,"bmx, bicycle, downhill, fox, freeride, downhillmtb, foxracing, freeridemtb, bicyclelife, bicycles"
ashes.wig,ASHES WIG Workshop,"â–ªï¸ 10 years of experience
â–ªï¸ Individual wig styling 
â–ªï¸ Worldwide shipping
Commission are temporarily closedâ—",https://linktr.ee/AshesWigWorkshop,8812,149,57124511315,False,False,24,1,https://scontent-cdg4-1.cdninstagram.com/v/t51.2885-19/399350712_351604300873298_7445096570177589629_n.jpg?_nc_ht=scontent-cdg4-1.cdninstagram.com&_nc_cat=102&_nc_ohc=QHG2fVv8HVIAX8JpOKb&edm=AEF8tYYBAAAA&ccb=7-5&oh=00_AfBAYpKoJRqWSE8q3BxvNYUSSvTT_eMjXWeTZ-y_gQruuw&oe=660F803E&_nc_sid=1e20d2,6047,50,"wigstyling, wigmaker, cosplaywig, wigcomission, cosplaywigstyling, wigcommission, customwig, genshinimpact, genshincosplay, leagueoflegendscosplay"
ultranova.brand,Ultra Nova,"Exclusive FUTURISTIC PRODUCTS ğŸ›¸ 
Custom Atelier in Cannes ğŸ‡«ğŸ‡·
pr@ultranova.store
ğŸ“ Chicago ğŸ‡ºğŸ‡¸ ğŸ“ Cannes",http://www.ultranova.store/,32086,396,57216590046,False,False,256,74,https://scontent-cdg4-3.cdninstagram.com/v/t51.2885-19/337324022_206350752081371_8215692059039374557_n.jpg?_nc_ht=scontent-cdg4-3.cdninstagram.com&_nc_cat=111&_nc_ohc=U3Mm0UKZLcMAX_2579Y&edm=AEF8tYYBAAAA&ccb=7-5&oh=00_AfCQueC71_lsm3EEWmS7sFs-2GjEdy2vZ8bCKBS-UA1Fhw&oe=660F58F7&_nc_sid=1e20d2,441100,4462,"futurefashion, ultranova, ultranovabrand, futuristic, futuristicfashion, futuretechnology, future, bodysuit, cannes2023, ultranovacorset"
topatella,ğŸ‘½ Ğ¢Ğ¾Ğ¿Ğ° ğ•Œğ•¥ğ• ğ•¡ğ•šğ•’ ğ•¤ğ•™ğ• ğ•¨ ğŸ‘½,"ğŸ”
â—ï¸Utopia Show - YouTube
â—ï¸Utopia@tag.show - Ñ€ĞµĞºĞ»Ğ°Ğ¼Ğ°
â—ï¸Ğ¢ĞµĞ»ĞµĞ³Ñ€Ğ°Ğ¼-ĞšĞ°Ğ½Ğ°Ğ» â¬",https://t.me/topapopa,349072,224,181674435,False,True,1646,124,https://scontent-cdg4-1.cdninstagram.com/v/t51.2885-19/315556348_1052446808879674_671755896512303322_n.jpg?_nc_ht=scontent-cdg4-1.cdninstagram.com&_nc_cat=110&_nc_ohc=WJP4qwt7w28AX9pTqIe&edm=AEF8tYYBAAAA&ccb=7-5&oh=00_AfDJIDP7XMnoTpNDVVwHPyzrRzqPidjWrnJjZsR0GRh6PA&oe=660F69A9&_nc_sid=1e20d2,14346010,87067,"repost, cosplay, ÑÑ‚Ğ°Ñ€ĞºĞ¾Ğ½, starcon, robin, Ğ¸Ğ³Ñ€Ğ¾Ğ¼Ğ¸Ñ€, comicconrussia, topatella, hawkeye, dc"
lolitawardrobeofficial,LolitaWardrobe Official,LolitaWardrobe Official Instagram ğŸ’•. Follow us and never miss a new release and our special offers. www.lolitawardrobe.com,https://www.lolitawardrobe.com/,189393,3,5509835685,False,False,4887,0,https://scontent-cdg4-1.cdninstagram.com/v/t51.2885-19/122886523_404204957270354_7542025732865626076_n.jpg?_nc_ht=scontent-cdg4-1.cdninstagram.com&_nc_cat=102&_nc_ohc=VQdFPyf7VwYAX8lYK1p&edm=AEF8tYYBAAAA&ccb=7-5&oh=00_AfAFcVW3l2PTFqvMLpZIoz-8kOyvNxOKVOWluk-qQb8k5w&oe=660F75E0&_nc_sid=1e20d2,9013542,10021,"leftovers, qilolita, ouji, gothiclolita, walolita, militarylolita, halloween, sailorlolita, deadline, sweetlolita"
nik.nocturnal,Nik Nocturnal,"Youtuber & Streamer
ğŸ“Certified Florida Man ğŸŠ
ğŸ¸ğŸ’ @paulacarregosaoficial
â†“Original Musicâ†“",https://linktr.ee/niknocturnal,615990,1836,1779491753,False,True,396,169,https://scontent-cdg4-1.cdninstagram.com/v/t51.2885-19/47101023_1997165590376849_8200095142279905280_n.jpg?_nc_ht=scontent-cdg4-1.cdninstagram.com&_nc_cat=105&_nc_ohc=5DcK6zsAR-MAX9qR-4r&edm=AEF8tYYBAAAA&ccb=7-5&oh=00_AfDGIrli0e-4uLYxTDnaqdXDq2743GRlLvPYK23AE8gi4A&oe=660F5B0C&_nc_sid=1e20d2,8980988,98327,"metal, niknocturnal, guitarist, guitar, music, youtuber, scene, metalmusic, musician, metalhead"
sheglam_official,SHEGLAM OFFICIAL,"ğŸ’—Tag us #SHEGLAM & @sheglam_official
ğŸ° Leaping Bunny Approved
âœ‰ï¸ Collab: influencer@sheglam.com
â¬‡Shop Now",https://beacons.ai/sheglam,3375245,582,17873171783,False,True,3016,579,https://scontent-cdg4-1.cdninstagram.com/v/t51.2885-19/271422808_330178188998941_5702294872265316437_n.jpg?_nc_ht=scontent-cdg4-1.cdninstagram.com&_nc_cat=1&_nc_ohc=Iw_eSJsMppYAX-2WZfW&edm=AEF8tYYBAAAA&ccb=7-5&oh=00_AfAlk5jKNmnsGBFLaAUvTLeNGymvrTkIrgW3TIuzayxniw&oe=660F7805&_nc_sid=1e20d2,42556369,1420359,"sheglam, crueltyfree, makeup, palette, eyelook, chatwithsheglam, motd, sheglamliquidfam, eyeshadow, sheglamcrueltyfree"
zixuan_94xl,ä¸Šè¿›ç”·æ˜æ˜ŸğŸ”µ,"Ê™á´Ês
 åŠ±å¿—åˆ†äº«å…¨ä¸–ç•Œå¸…å“¥ -á–´á—©á‘ á—©á‘•á‘•áªá‘Œá‘á¢ğŸ‡°ğŸ‡·ğŸ‡¯ğŸ‡µğŸ‡¨ğŸ‡³
Gá´á´€ÊŸs 70á´‹ (Êœá´‡ÊŸá´˜ á´á´‡)â¬†ï¸
âš ï¸ğ˜‹ğ˜° ğ˜¯ğ˜°ğ˜µ ğ˜´ğ˜©ğ˜¢ğ˜³ğ˜¦ ğ˜±ğ˜©ğ˜°ğ˜µğ˜°ğ˜´ ğ˜§ğ˜³ğ˜°ğ˜® ğ˜®ğ˜º ğ˜±ğ˜³ğ˜°ğ˜§ğ˜ªğ˜­ğ˜¦âš ï¸",,71171,4,37630288943,False,False,611,16,https://scontent-cdg4-3.cdninstagram.com/v/t51.2885-19/408515553_873952617547607_107454834709399644_n.jpg?_nc_ht=scontent-cdg4-3.cdninstagram.com&_nc_cat=111&_nc_ohc=RSt6Mn9xMboAX9rPGK7&edm=AEF8tYYBAAAA&ccb=7-5&oh=00_AfCHuOvbq9XULCCxqBDd1p7LYCE31Rfe1AA3nQhniRYhFQ&oe=660F6F20&_nc_sid=1e20d2,1989023,10584,"explorepage, explore, douyinboy, koreanboys, exploremore, douyinchina, koreanboy, koreanhandsome, douyinboys, asianboys"
kazukidude,Dude,ä¸­å›½,,49784,0,57402193884,False,False,415,8,https://scontent-cdg4-1.cdninstagram.com/v/t51.2885-19/417109060_885009156614072_6817995800299756099_n.jpg?_nc_ht=scontent-cdg4-1.cdninstagram.com&_nc_cat=108&_nc_ohc=bqe_sHr2x_UAX8OxJ0v&edm=AEF8tYYBAAAA&ccb=7-5&oh=00_AfDr6Uzjm8jqJxAVvT-dkxGUGvpINfygMeTT1hvQDCfwog&oe=660F7382&_nc_sid=1e20d2,1052872,4592,"reels, china, new, instagram, likesforlike, followers, followforfollowback, likes, instalike, korea"
gnabnahc,Bang Chan,Bang Chan of Stray Kids,,7791290,9,60842597331,False,True,26,0,https://scontent-cdg4-1.cdninstagram.com/v/t51.2885-19/430405138_883465810453342_2530913883580529349_n.jpg?_nc_ht=scontent-cdg4-1.cdninstagram.com&_nc_cat=110&_nc_ohc=AelSW9E3McMAX9cr4kY&edm=AEF8tYYBAAAA&ccb=7-5&oh=00_AfCZcDHrNpXbYR3hdLuEfcxFAw3vpqV_K6gmNI3xychq9w&oe=660F6E60&_nc_sid=1e20d2,70225510,1724168,stay
yong.lixx,Felix,Yup ğŸ©µ,,17973608,9,60891353339,False,True,53,5,https://scontent-cdg4-1.cdninstagram.com/v/t51.2885-19/365394267_6642649025800523_6417222176653747173_n.jpg?_nc_ht=scontent-cdg4-1.cdninstagram.com&_nc_cat=1&_nc_ohc=OxL-KyhSjN0AX_knTcE&edm=AEF8tYYBAAAA&ccb=7-5&oh=00_AfDN9yuXDCn0gD5K7NiR0OdKSnPGW1hp3s-cuM1l985EGQ&oe=660F7550&_nc_sid=1e20d2,161636828,2135581,"stay, felix, louisvuitton, nicolasghesquiere, ad, straykids, lvfw24, lvdream, ê´‘ê³ , lvss24"
_ciel_0,Takuma,"ä¹…åŸæ‹“æ‘© Tokyo
contact DM
design â†“",https://abyssea.jp/,1150271,260,7680870474,False,True,299,6,https://scontent-cdg4-1.cdninstagram.com/v/t51.2885-19/419972953_956163259439567_6993791985274697812_n.jpg?_nc_ht=scontent-cdg4-1.cdninstagram.com&_nc_cat=1&_nc_ohc=sUm6btwA770AX99C_Dj&edm=AEF8tYYBAAAA&ccb=7-5&oh=00_AfAkQ7baoA5FaGBGiYVCbcVOpTLkpXgDvy9l7Ze64CfITQ&oe=660F5EB8&_nc_sid=1e20d2,19345893,100598,"pr, kbeautyfesta, celinehomme, ã‚ªãƒ³ãƒ©ã‚¤ãƒ³, ãƒãƒªãƒã‚¿ãƒ„ã‚¢ãƒ¼, ãƒãƒªãƒ¼ãƒãƒƒã‚¿ãƒ¼, æµ´è¡£, æ¸©æ³‰æ—…è¡Œ, æ¸©æ³‰æ—…é¤¨, æµ´è¡£ç”·å­"
_cr0102,äººçŒ¿æ³°å±±,"ğŸ‡¨ğŸ‡³
188 78kg
æŠ–éŸ³&å°çº¢ä¹¦ï¼šäººçŒ¿æ³°å±±",https://v.douyin.com/AX5E3Ax/,297951,16,58911536511,False,False,120,13,https://scontent-cdg4-1.cdninstagram.com/v/t51.2885-19/339347324_546883600900126_949089214915543887_n.jpg?_nc_ht=scontent-cdg4-1.cdninstagram.com&_nc_cat=110&_nc_ohc=u8KUvBpc3PMAX_s00Gp&edm=AEF8tYYBAAAA&ccb=7-5&oh=00_AfDMBzwkjDClhWSAU_maw2uEEtHVtsHfo8BVWfEMTc1zIA&oe=660F873C&_nc_sid=1e20d2,4315918,23729,"äººçŒ¿æ³°å±±, longhairboy, fitnessmotivation, douyin, ulzzang, gymboy, bodybuildingmotivation, asianboy, mirrorselfie, gymmotivation"
acfloralstudio,Alexander Campbell,"just doing my own thingğŸ¥¸
brand collabs: regan@nextcollectiveagency.com
TikTok: acfloralstudio (+1.3M)
ğŸ¡ madrid
ALL MY LINKSğŸ‘‡ğŸ¼",http://linktr.ee/acfloralstudio,374803,297,43881072192,False,True,261,188,https://scontent-cdg4-2.cdninstagram.com/v/t51.2885-19/278927468_3163456753903401_6591023877945619610_n.jpg?_nc_ht=scontent-cdg4-2.cdninstagram.com&_nc_cat=109&_nc_ohc=6mOa34vumE8AX_VTB5D&edm=AEF8tYYBAAAA&ccb=7-5&oh=00_AfBcDLRM1U_eODocLC3ZVcShh6wRYAUES1QE45QKURet6g&oe=660F5DFB&_nc_sid=1e20d2,8961347,64801,"flowers, florist, fyp, flores, bouquet, floralarrangement, floraldesign, halloween, ramo, mythology"
sonia._._t,â €â €â €â €â €â €â €â €â €â €â €â € Sonia,â €â €â €â €â €â €â €â €â €â €â €â € â €â €â €â €â €â €â €â €â €â €â €â €â €â €â €â €â €â €â € â €â €â €â €â €â €â €â €â €â €â €â € â €â €â €â €â €â €â € â €â €â € â €â €â €â €â €â €â €â €â €â € â €â €â €â €â €â €â €â €â €â € trefilova.sofia@me.com â €â €â €â €â €â €â €â €â €â €â €â € â €â €â €â €â €â €â €â €â €â €â €â € â €â €â €â €â €â €â €â €â €â €â €â € â €â €â €â €â €â €â €â €,,27255,2100,1422238167,False,False,855,21,https://scontent-cdg4-3.cdninstagram.com/v/t51.2885-19/220719842_313641047110852_7333531244044404535_n.jpg?_nc_ht=scontent-cdg4-3.cdninstagram.com&_nc_cat=104&_nc_ohc=uFErNCrPqA4AX84jYov&edm=AEF8tYYBAAAA&ccb=7-5&oh=00_AfCEyqpt3xZST6vogVaJSXRLe1RgHxhRgVHJYNK16X1VkQ&oe=660F6809&_nc_sid=1e20d2,259621,4290,"tbt, london, art, moscow, photography, canoncamera, aiweiwei, hydepark, sardinia, blackproject"
dan.a.peacock,Dan Peacock,pencilmoose@gmail.com,https://linktr.ee/danpeacock,86719,402,1959894988,False,False,178,7,https://scontent-cdg4-1.cdninstagram.com/v/t51.2885-19/276971825_301527398774762_4169038812451376154_n.jpg?_nc_ht=scontent-cdg4-1.cdninstagram.com&_nc_cat=102&_nc_ohc=b-foics6ToQAX9pdSnx&edm=AEF8tYYBAAAA&ccb=7-5&oh=00_AfBDv6XIjQY1qEfNqWNJX0mDhczPOzNpCZLdKMIHeuUgqw&oe=660F69D4&_nc_sid=1e20d2,935683,7775,"creepy, darkillustration, horror, horrorart, art, conceptart, spooky, illustration, artistsoninstagram, cursed"
kuroonushi,Kuronushi,"23 | [ğ˜´ğ˜©ğ˜¦/ğ˜©ğ˜¦ğ˜³] mad ğ˜£ğ˜¦ğ˜­ğ˜¢ğ˜³ğ˜¶ğ˜´ ğŸ“ I ğ˜¦ğ˜¯ğ˜¨/ğ˜³ğ˜¶ğ˜´
ğ˜¯ğ˜¦ğ˜¹ğ˜µ ğ˜Šğ˜°ğ˜¯ > â“
Dellâ€™Arte cosband leader | @dellarte_cb
support > 4245 2300 1449 7119 ğŸ",http://t.me/kuronushi_cos,2685,132,15988239776,False,False,28,3,https://scontent-cdg4-3.cdninstagram.com/v/t51.2885-19/432983211_454322880303066_481103832236455011_n.jpg?_nc_ht=scontent-cdg4-3.cdninstagram.com&_nc_cat=106&_nc_ohc=lJdh4X3fnlUAX9NHhDN&edm=AEF8tYYBAAAA&ccb=7-5&oh=00_AfChLuYW-lowuoINIxWNOD5mMvTkkOqonTniDdGp7ofPZA&oe=660F5755&_nc_sid=1e20d2,18887,175,"genshinimpact, scaramouche, scaramouchecosplay, genshinimpactcosplay, wanderer, fatui, fatuiharbingers, tartaglia, kabukimonocosplay, cosplay"
mackenyu,Mackenyu,"Knights of the Zodiac 2023
One Piece Netflix 2023
Dragons of Wonderhatch D+/Hulu 2023
House of the Owl D+/Hulu 2024",http://imdb.me/Mackenyu,5722987,26,3323987189,False,True,168,41,https://scontent-cdg4-3.cdninstagram.com/v/t51.2885-19/355091359_256756220275768_8958195640819520452_n.jpg?_nc_ht=scontent-cdg4-3.cdninstagram.com&_nc_cat=104&_nc_ohc=Kjxwr51MxBUAX9N4dZv&edm=AEF8tYYBAAAA&ccb=7-5&oh=00_AfBCbjNoOjWK_XoOzHG4_boGSSag-n6cn-bwx1tP2MJ3Uw&oe=660F75D4&_nc_sid=1e20d2,45450071,248236,"æ˜ ç”»overdrive, åœ°çƒã‚´ãƒ¼ã‚¸ãƒ£ã‚¹, zerotopia, ãƒˆãƒ‰ãƒ¡ã®æ¥å», overdrive, ã¡ã¯ã‚„ãµã‚‹, onepiece, ã¡ã¯ã‚„ãµã‚‹çµã³, ã‚¼ãƒ­ãƒˆãƒ”ã‚¢, netflix"
beauzworld,BEAUZ ğŸ˜ˆ,"@beauz.bsy + @beauz.jsy 
BADDIES & BAD DECISIONSâ„¢ï¸  BADDIE UPâ„¢ï¸ 
#50 @djmagofficial TOP 100 DJs 2023
â€œLICK ITâ€ OUT NOW ğŸ‘…â¬‡ï¸",https://linktr.ee/beauzworld,577385,1960,13690778,False,True,130,106,https://scontent-cdg4-1.cdninstagram.com/v/t51.2885-19/425886406_659440322874229_2561535851705391680_n.jpg?_nc_ht=scontent-cdg4-1.cdninstagram.com&_nc_cat=1&_nc_ohc=4vbhd_v5JD8AX-tLrpg&edm=AEF8tYYBAAAA&ccb=7-5&oh=00_AfBMdLejDwdWLhnrhd0Q8hd9r1FNW45caTv5McYx6v_iMw&oe=660F739C&_nc_sid=1e20d2,4233506,37762,"collabhouse, beauz, beauzworld, lickit, baddie, baddies, interview, fyp, 50, bassface"
christianrlocke,Christian Locke,Click the link to listen to my music ğŸ¸ Business - Eric@undercurrent.net               This is my only account!,https://linktr.ee/christianlocke,1354146,235,404086833,False,True,47,0,https://scontent-cdg4-1.cdninstagram.com/v/t51.2885-19/259488141_450049416688593_285240476236155192_n.jpg?_nc_ht=scontent-cdg4-1.cdninstagram.com&_nc_cat=1&_nc_ohc=DM1F5TmBNbsAX9hnEsd&edm=AEF8tYYBAAAA&ccb=7-5&oh=00_AfB0RCp7n0JF57P5LNmCLMkBxjCtBGmNWHRcbucvj-xzBg&oe=660F637F&_nc_sid=1e20d2,3152732,17820,"birthday, theoriginals, thevampirediaries"
402ephto,402EPHTO,"content creator 
ğŸ’Œ: in direct",,464413,156,54500020217,False,False,239,190,https://scontent-cdg4-1.cdninstagram.com/v/t51.2885-19/295047745_590912815927436_8087478331479998882_n.jpg?_nc_ht=scontent-cdg4-1.cdninstagram.com&_nc_cat=1&_nc_ohc=KaD2F-Q2zqgAX8SurP5&edm=AEF8tYYBAAAA&ccb=7-5&oh=00_AfBpywYnJ48vKdevzyGRwKl1Akc6_bXxZaDGr_dkl9f6nQ&oe=660F5DD6&_nc_sid=1e20d2,14922517,62427,"ootd, outfitreel, fashionreel, fypreel, grwmreel, ootdreel, stylereel, fypge, fypreels, stylereels"
p0takus,___-=PoTaKuS=-___,"""Humans are so... interesting""",https://vk.com/potakus,915,962,8746160692,False,False,65,6,https://scontent-cdg4-2.cdninstagram.com/v/t51.2885-19/46293929_370480313689239_6430369553183670272_n.jpg?_nc_ht=scontent-cdg4-2.cdninstagram.com&_nc_cat=103&_nc_ohc=HWoGz2FmIe0AX_6tF8d&edm=AEF8tYYBAAAA&ccb=7-5&oh=00_AfAXiIrK0hgNmVogU01djISim_vla2iveR1GC5N7j1EElw&oe=660F614E&_nc_sid=1e20d2,19260,352,"cosplay, ĞºĞ¾ÑĞ¿Ğ»ĞµĞ¹, anime, manga, Ğ°Ğ½Ğ¸Ğ¼Ğµ, Ğ¼Ğ°Ğ½Ğ³Ğ°, animecosplay, deathnote, ryukcosplay, Ñ€ÑĞº"
shaulrivas,ShauÌl Rivas,"INTERNATIONAL MAKEUP ARTIST  
Beauty/Social/Fashion/Fantasy/Character/Fx
Contact: SHAULRIVAS@gmail.com",http://wa.me/5491176508374,20250,4880,552409781,False,False,931,106,https://scontent-cdg4-2.cdninstagram.com/v/t51.2885-19/227058987_717336959031912_1162040343169506399_n.jpg?_nc_ht=scontent-cdg4-2.cdninstagram.com&_nc_cat=100&_nc_ohc=Dnm2Kegm12wAX9mWn4G&edm=AEF8tYYBAAAA&ccb=7-5&oh=00_AfAkm13juTIRNHMmZocIyg-Rlz8ScT18g_5n3vCDn0sPUA&oe=660F7B8E&_nc_sid=1e20d2,207381,8952,"shaulrivas, makeup, fashion, mua, makeupartist, editorialmakeup, kryolanvenezuela, instamakeup, kryolan, charactermakeup"
suspiria_________,B E R K U T    Y E Sâœ¨,"â–«ï¸ĞœĞ¾Ğ´ĞµĞ»ÑŒ 
â–«ï¸Ğ’Ğ¸Ğ´ĞµĞ¾Ğ³Ñ€Ğ°Ñ„ 
â–«ï¸ĞœĞ¾Ğ±Ğ¸Ğ»ÑŒĞ½Ğ°Ñ ÑÑŠĞµĞ¼ĞºĞ°
â–«ï¸Ğ”Ğ¸Ğ·Ğ°Ğ¹Ğ½ĞµÑ€ 
Ğ¡Ğ¾Ñ‚Ñ€ÑƒĞ´Ğ½Ğ¸Ñ‡ĞµÑÑ‚Ğ²Ğ¾/ĞºĞ¾Ğ¼Ğ¼ĞµÑ€Ñ†Ğ¸Ñ/Ğ±Ğ°Ñ€Ñ‚ĞµÑ€ Ğ¿Ğ¸ÑˆĞ¸Ñ‚Ğµ Ğ² direct",https://t.me/+Z-FMzPUBrMAxZmRi,13607,602,3132201816,False,False,894,133,https://scontent-cdg4-1.cdninstagram.com/v/t51.2885-19/413447410_1052343576002710_3237918505190260733_n.jpg?_nc_ht=scontent-cdg4-1.cdninstagram.com&_nc_cat=110&_nc_ohc=m3n_l4DsR4IAX96ztMz&edm=AEF8tYYBAAAA&ccb=7-5&oh=00_AfAWGzWHnIac-6f_6OUIimhXtxIIMzj64KIMvod4O9v7gg&oe=660F72F0&_nc_sid=1e20d2,299457,5779,"likings, photooftheday, pleaseforgiveme, followshoutoutlikecomment, followback, likeforlikes, likeforlikealways, followforfollowbackalways, likesforlikesback, likeallways"
stepanovzapilit,STEPANOVZ ğŸ¦„ COSPLAY PROPS,â˜˜ Crafter of CosplayğŸš€ ğŸ’°Ğ·Ğ°ĞºĞ°Ğ·Ñ‹ Ğ² Ğ»Ğ¸Ñ‡ĞºÑƒğŸ’° Ñ€ĞµĞ·Ğ¸Ğ´ĞµĞ½Ñ‚ @insight.people,http://www.tiktok.com/@stepanovz,102960,659,4461652592,False,False,1223,716,https://scontent-cdg4-1.cdninstagram.com/v/t51.2885-19/382344213_381838864172321_4868665218722365847_n.jpg?_nc_ht=scontent-cdg4-1.cdninstagram.com&_nc_cat=105&_nc_ohc=vZC283FBfekAX9YrQX6&edm=AEF8tYYBAAAA&ccb=7-5&oh=00_AfB-tQSbHInmQdIVSIkfanobaAurBdeXS48cNoqPaLf8JQ&oe=660F7345&_nc_sid=1e20d2,1637863,6520,"cosplay, stepanovz, craft, handmade, ÑÑ‚ĞµĞ¿Ğ°Ğ½Ğ¾Ğ²Ğ·Ğ°Ğ¿Ğ¸Ğ»Ğ¸Ñ‚, mandalorianhelmet, starwarscosplay, ĞºĞ¾ÑÑ‚ÑĞ¼Ñ‚Ñ€Ğ°Ğ½ÑÑ„Ğ¾Ñ€Ğ¼ĞµÑ€Ğ°, evafoam, bumblebee"
studiografit,GRAFIT STUDIO,"â–ªï¸Illustration, concept art, visual development, 3D, animation 
â–ªï¸Reference pictures for artists 
â–ªï¸Education materials & assets",https://taplink.cc/grafitstudio,43765,350,2272286395,False,False,646,23,https://scontent-cdg4-1.cdninstagram.com/v/t51.2885-19/434279519_745585391018914_4518187003271893986_n.jpg?_nc_ht=scontent-cdg4-1.cdninstagram.com&_nc_cat=110&_nc_ohc=bGl-SiVcVzYAX_UoJt4&edm=AEF8tYYBAAAA&ccb=7-5&oh=00_AfD2w9O7aA1NYUH46heB8KwWF1L3dCAvIfgMJInHdjIuKg&oe=660F6679&_nc_sid=1e20d2,292110,1973,"conceptart, gameart, grafitart, cgart, artstudio, illustration, art, grafitstudio, cg, grafit"
shelest_cosplay,Vasilisa Shelest  // cosplay costume maker,"ğŸª¡Professional seamstress 
ğŸ’” Commissions closed!! (Open April 1st)
ğŸ’Œ Worldwide shipping",https://linktr.ee/shelest_cosplay?utm_source=linktree_admin_share,8577,891,48487616060,False,False,82,8,https://scontent-cdg4-2.cdninstagram.com/v/t51.2885-19/369549978_825262022490819_5306616762398332327_n.jpg?_nc_ht=scontent-cdg4-2.cdninstagram.com&_nc_cat=103&_nc_ohc=jtIVAuDqnWgAX9W7ky0&edm=AEF8tYYBAAAA&ccb=7-5&oh=00_AfB22nq4lPvs6jqvfbj_QYK0CUvpfQFepKO63yRW6YrErA&oe=660F5757&_nc_sid=1e20d2,37052,547,"cosplaycostume, animecosplay, cosplay, costumemaking, cosplaywip, cosplaycommission, cosplay365, genshinimpact, genshinimpactcosplay, genshincosplay"
pusheen,Pusheen,"The official account of Pusheen the cat. 
Shop new and exclusive Pusheen merchandise online at @thepusheenshop!",http://sprout.link/pusheen/,2544738,127,1564275614,False,True,3396,624,https://scontent-cdg4-1.cdninstagram.com/v/t51.2885-19/29417839_1305994386167923_5597407628771721216_n.jpg?_nc_ht=scontent-cdg4-1.cdninstagram.com&_nc_cat=1&_nc_ohc=fdWVkhHmECYAX-AecuL&edm=AEF8tYYBAAAA&ccb=7-5&oh=00_AfCD1q-7WhrWnydxC4gDuOuMIMCCCqjHoyT-hSHPuSftWw&oe=660F5AFA&_nc_sid=1e20d2,100619921,709177,"pusheen, regram, pusheenicorn, hellokittyxpusheen, superpusheenicorn, pusheenshopexclusive, halloween, stormy, pusheenbox, sloth"
andrewengland88,Andrew England | Online Coach | Athlete,"â–ªï¸ğ™ğ™–ğ™© ğ™‡ğ™¤ğ™¨ğ™¨ ğ˜¾ğ™¤ğ™–ğ™˜ğ™ ğ™ƒğ™šğ™¡ğ™¥ğ™ğ™£ğ™œ ğ™”ğ™Šğ™ ğ˜¼ğ™˜ğ™ğ™ğ™šğ™«ğ™š ğ™ğ™šğ™–ğ™¡ ğ™ğ™šğ™¨ğ™ªğ™¡ğ™©ğ™¨! @andrewenglandcoaching 
â–ªï¸ğ˜¾ğ™¤ğ™£ğ™©ğ™šğ™£ğ™© ğ˜¾ğ™§ğ™šğ™–ğ™©ğ™¤ğ™§ @only_andrew88 
â–ªï¸ğ˜½ğ™š ğ˜¾ğ™¤ğ™–ğ™˜ğ™ğ™šğ™™ ğ˜½ğ™® ğ™ˆğ™š â¬‡ï¸",https://andrewenglandcoaching.com/,389683,2187,44707656,False,True,3059,363,https://scontent-cdg4-2.cdninstagram.com/v/t51.2885-19/378579839_1464290117702712_2872217690439012287_n.jpg?_nc_ht=scontent-cdg4-2.cdninstagram.com&_nc_cat=100&_nc_ohc=dZC3zAj8_8gAX9Retcy&edm=AEF8tYYBAAAA&ccb=7-5&oh=00_AfC4T_ZXQhpiRa-CWhSOZ99B07FD41NvjowvCCZhNqxpRQ&oe=660F78C4&_nc_sid=1e20d2,10151825,187282,"fashion, inked, fitness, ink, andrewengland, tattoo, love, dreamchaser, mensfashion, tattoos"
ildaryoung,Ildar Young-Gaynutdinov,"Ğ“Ğ˜Ğ¢Ğ˜Ğ¡
ğŸ‡PROJECTS @muzarts 
ğŸ­ SOLOIST @todes_theater 
ğŸ‡ºğŸ‡¦WINNER SYTYCD 8
ğŸ‡·ğŸ‡ºWINNER DANCE REVOLUTION 2
ğŸ‡µğŸ‡±WINNER WOD TV SHOW 
ğŸ‡·ğŸ‡ºTOP-4 Ğ¢ĞĞĞ¦Ğ« Ğ¢ĞĞ¢",http://ildaryoung.ru/,203220,780,1641262031,False,True,4137,1126,https://scontent-cdg4-2.cdninstagram.com/v/t51.2885-19/61788855_401594247357565_69905652213874688_n.jpg?_nc_ht=scontent-cdg4-2.cdninstagram.com&_nc_cat=101&_nc_ohc=YST1DPhvVMsAX9QC9VB&edm=AEF8tYYBAAAA&ccb=7-5&oh=00_AfCxs1svv7csxgxOmmAywIHMcv__kRGsC0M5VWO8gwk7JA&oe=660F8860&_nc_sid=1e20d2,20621329,237167,"Ğ¸Ğ»ÑŒĞ´Ğ°Ñ€Ğ³Ğ°Ğ¹Ğ½ÑƒÑ‚Ğ´Ğ¸Ğ½Ğ¾Ğ², Ğ±Ğ°Ğ»ĞµÑ‚Ñ‚Ğ¾Ğ´ĞµÑ, Ñ‚ĞµĞ°Ñ‚Ñ€Ñ‚Ğ¾Ğ´ĞµÑ, ÑˆĞ¾Ñƒ, Ğ°Ñ€Ñ‚Ğ¸ÑÑ‚, ildaryoung, Ñ‚Ğ¾Ğ´ĞµÑ, Ğ°Ğ»Ğ»Ğ°Ğ´ÑƒÑ…Ğ¾Ğ²Ğ°, Ğ¸Ğ»ÑŒĞ´Ğ°Ñ€ÑĞ½Ğ³Ğ³Ğ°Ğ¹Ğ½ÑƒÑ‚Ğ´Ğ¸Ğ½Ğ¾Ğ², dancer"
bbnomula,bbno$,itâ€™s baby no money,https://bbnos.lnk.to/lilfreak,1409431,1093,45693846,False,True,314,91,https://scontent-cdg4-1.cdninstagram.com/v/t51.2885-19/10979715_349506008590854_1036073094_a.jpg?_nc_ht=scontent-cdg4-1.cdninstagram.com&_nc_cat=1&_nc_ohc=pGsgUgqbqMQAX_x1LFC&edm=AEF8tYYBAAAA&ccb=7-5&oh=00_AfAU3k2qRiA1exxelV_ZG-g0_PsZCY5AYxwBggr_3A3pFQ&oe=660F6B4F&_nc_sid=1e20d2,28625040,252435,"ad, risetoit, 1, bmopartner, babygravygomez, cool, northernbars, bbg, ftc"
sikiredfins,Siki Red,"ğŸ™...and I fortunately know a little magic...ğŸ™
SFX COSTUME DESIGNER&CREATIVE DIRECTOR 
PADI CERTIFIED DIVER",,17046,354,3301122985,False,False,1326,590,https://scontent-cdg4-2.cdninstagram.com/v/t51.2885-19/71309395_495836737931997_716373194621059072_n.jpg?_nc_ht=scontent-cdg4-2.cdninstagram.com&_nc_cat=109&_nc_ohc=CHO8892JOiEAX_dG0qS&edm=AEF8tYYBAAAA&ccb=7-5&oh=00_AfBLAuQgfcI2QJfk-7YHkFTsB2oq7ZYYQD5oQjPNYjM0zQ&oe=660F7C4C&_nc_sid=1e20d2,708298,10187,"siliconemermaidtail, sirena, sfx, rusalka, mermaid, tailmaker, merman, ç¾äººé±¼, fantasy, sikiredfins"
teemu.jpeg,Teemu,"I like rain. [Seoul / Tokyo / Bangkok]
Watch our film below ğŸ‘‡",https://youtube.com/@teemu.mp4?si=o_d1ATCCNwFVtxIZ,1239288,570,1575549905,False,True,824,195,https://scontent-cdg4-1.cdninstagram.com/v/t51.2885-19/297015664_160746049869500_3433351935171769660_n.jpg?_nc_ht=scontent-cdg4-1.cdninstagram.com&_nc_cat=1&_nc_ohc=w-qpBaohzkoAX_J3ww-&edm=AEF8tYYBAAAA&ccb=7-5&oh=00_AfDjnQubPhh8u9wswtTALSHUqpwUEoXBzWBf4gOkZDpHyQ&oe=660F819C&_nc_sid=1e20d2,33167024,115645,"streetclassics, cyberpunk, rawurbanshots, streetshared, sonyimages, bladerunner, streetleaks, agameoftones, moodygrams, cybervibe"
kidkor,Denis,ğŸ“ Seoul,,1619,974,221219697,False,False,38,1,https://scontent-cdg4-2.cdninstagram.com/v/t51.2885-19/347286038_539933188348357_6169969322348643660_n.jpg?_nc_ht=scontent-cdg4-2.cdninstagram.com&_nc_cat=101&_nc_ohc=urDevPPyx7MAX-6pQ-S&edm=AEF8tYYBAAAA&ccb=7-5&oh=00_AfB6Ly135ynEoV7G3SyF63RQL9JlAd_rnnIFniZuwYMbYQ&oe=660F63AB&_nc_sid=1e20d2,16609,529,"calligraphy, portrait, miralpha"
yuuuuto38,ã‚†ã†ã¨ã‚¯ã‚™ãƒ«ãƒ¡/æ¯æ—¥ç”˜ã„ã‚‚ã®é£Ÿã¹ãŸã„,"æ±äº¬äº¬éƒ½å¤§é˜ªä¸­å¿ƒã«ãŠã™ã™ã‚ã®ãŠåº—ã‚’ç´¹ä»‹ã—ã¾ã™
ã”ä¾é ¼ã‚„è³ªå•ãŒã‚ã‚Œã°ãŠæ°—è»½ã«DMã¾ã§ã©ã†ãï¼
ã…¤ã…¤ã…¤ã…¤ã…¤ã…¤ã…¤ã…¤ã…¤ã…¤ã…¤ã…¤ã…¤
YouTubeã¯ã˜ã‚ã¾ã—ãŸğŸ¥",https://yt.be/yuuuuto38,1230615,220,1451273238,False,False,1769,510,https://scontent-cdg4-1.cdninstagram.com/v/t51.2885-19/128174151_3438603419586540_8837861274378299801_n.jpg?_nc_ht=scontent-cdg4-1.cdninstagram.com&_nc_cat=1&_nc_ohc=wEQv0R1DiuUAX9bZFqP&edm=AEF8tYYBAAAA&ccb=7-5&oh=00_AfDXoMNt7nZEykR9w-3R4suLyUAwzIQ4d2Yh99xfqJTbDw&oe=660F6587&_nc_sid=1e20d2,73506441,257498,"ãŠã„ã—ã„, ã‚«ãƒ•ã‚§å·¡ã‚Š, æ±äº¬ã‚«ãƒ•ã‚§, ã„ã¡ã”, ã‚«ãƒ•ã‚§å¥½ããªäººã¨ç¹‹ãŒã‚ŠãŸã„, instafood, æŠ¹èŒ¶, ã‚«ãƒ•ã‚§, æ±äº¬ã‚°ãƒ«ãƒ¡, ã”ã¯ã‚“è¨˜éŒ²"
john_supnik,John Supnik,"âœ° âœ° âœ°
ğŸ¥ â€” nyc",,442362,361,187800327,False,False,114,37,https://scontent-cdg4-3.cdninstagram.com/v/t51.2885-19/356253280_300866948952378_7165940022301439318_n.jpg?_nc_ht=scontent-cdg4-3.cdninstagram.com&_nc_cat=106&_nc_ohc=_9CXQ-WKC4AAX-8jvo6&edm=AEF8tYYBAAAA&ccb=7-5&oh=00_AfDiT53D_6iWYddTCQZlBYlolFMLoqlPdiEjIFTTyTVcng&oe=660F76E8&_nc_sid=1e20d2,8635806,36374,"explore, reels, trend, nyc, bookish, bookstagram, pinterestaesthetic, facereveal, bookaesthetic, booklover"
dima_batalov_wig,Dima ğŸ¥,"Custom handmade wig.  5 years of experienceâœ¨
Wig	& cosplay costume OPEN  for commissionsâœ¨
I'm from Russia, delivery to other countries",https://boosty.to/zavarkateam,17067,155,43872388179,False,False,211,64,https://scontent-cdg4-3.cdninstagram.com/v/t51.2885-19/122925334_1195760860820188_346057621234658302_n.jpg?_nc_ht=scontent-cdg4-3.cdninstagram.com&_nc_cat=104&_nc_ohc=v9OvsJJ6JsEAX9FG8ij&edm=AEF8tYYBAAAA&ccb=7-5&oh=00_AfA4UeuIoU70ZeWzH1Mcbp2SiNzSBhkLkPa-iGCLCzDZqw&oe=660F6449&_nc_sid=1e20d2,503240,1199,"wigcosplay, wigstyling, wig, genshinimpactcosplay, genshinimpact, wiggwen, leagueoflegendscosplay, leagueoflegends, laylacosplay, gamecosplay"
edward.ironstone,Edward,"ğŸ‡¦ğŸ‡ºğŸ¦‡ INTJ
Edward.ironstone on tiktok
Singer for @ironstone.band
STREAM OUR NEW SINGLE
RED HOUND ğŸ”¥",https://linktr.ee/edwardironstone,82050,401,2414530303,False,False,14,1,https://scontent-cdg4-1.cdninstagram.com/v/t51.2885-19/327348157_918372476274164_1928860715582200344_n.jpg?_nc_ht=scontent-cdg4-1.cdninstagram.com&_nc_cat=108&_nc_ohc=pwDoH3RDTkUAX_tin1W&edm=AEF8tYYBAAAA&ccb=7-5&oh=00_AfDP7u7fi4mhgJ5-H6gIiGOt1tQC11M-AC7Fu4gcXD_2gw&oe=660F849C&_nc_sid=1e20d2,160158,1559,"altboy, alt, emoboy, althair, romanticgoth, vampiregoth, vampire, gothboy, goth, gothaesthetic"
ctctyo,ä¸­å¤®ç”ºæˆ¦è¡“å·¥èŠ¸_ChuochoTacticalCraft,,https://ctctyo.stores.jp/,32379,399,7717829005,False,False,505,64,https://scontent-cdg4-1.cdninstagram.com/v/t51.2885-19/242137992_543490336873142_5293784577298194246_n.jpg?_nc_ht=scontent-cdg4-1.cdninstagram.com&_nc_cat=102&_nc_ohc=_A5EtTMgTP4AX9EPnco&edm=AEF8tYYBAAAA&ccb=7-5&oh=00_AfC9iX3JfKh_uO6eyZB_u5K4SaTKafgUis5VgmWEqo4d8g&oe=660F8BDF&_nc_sid=1e20d2,310529,2474,"typography, techwear, techno, cyberpunk, costume, techwearfashion, acryl, street, blackandwhite, craft"
ari.anna13_,Ari.Anna,Cosplayer,https://linktr.ee/ari.anna13_,18901,230,185952473,False,False,684,30,https://scontent-cdg4-1.cdninstagram.com/v/t51.2885-19/323292734_508344101162066_1656956826617224992_n.jpg?_nc_ht=scontent-cdg4-1.cdninstagram.com&_nc_cat=102&_nc_ohc=iSqpKO-E4rAAX_HmuQN&edm=AEF8tYYBAAAA&ccb=7-5&oh=00_AfABHyk_CrVygFNAEs-8-KEX93WiuSEWlWcmi-VaFZN5sQ&oe=660F6048&_nc_sid=1e20d2,490754,6706,"cosplay, akali, akalicosplay, leagueoflegends, leagueoflegendscosplay, kda, kdaakali, cosplaygirl, kdacosplay, akalynn"
dark.k.wigs,Zoisite Wigs,"Cosplay wigmaker
Commissions are open - write DM âœ¨
Shipping worldwide ğŸ‘Œ
Our shop @cosplayfandommarket",http://vk.com/der_zoisite,375,174,48284255881,False,False,82,6,https://scontent-cdg4-2.cdninstagram.com/v/t51.2885-19/236787103_198855958927164_6184315600876262361_n.jpg?_nc_ht=scontent-cdg4-2.cdninstagram.com&_nc_cat=100&_nc_ohc=ofh3GjmL7wEAX9141kF&edm=AEF8tYYBAAAA&ccb=7-5&oh=00_AfBMbvGQQbfqI5OsxXF3QW7dBKoeb1jw2VKtvwQ2fYHorg&oe=660F775C&_nc_sid=1e20d2,3798,190,"wig, cosplaywig, wigmaker, cosplay, wigstyling, ĞºĞ¾ÑĞ¿Ğ»ĞµĞ¹, ĞºĞ¾ÑĞ¿Ğ»ÑĞ¹, Ğ¿Ğ°Ñ€Ğ¸Ğº, ÑƒĞºĞ»Ğ°Ğ´ĞºĞ°Ğ¿Ğ°Ñ€Ğ¸ĞºĞ°, cosplayer"
ziwu_artemis,YU DING,ğŸ§šğŸ»â€â™€ï¸ğ“©ğ“˜ğ“¦ğ“¤ğŸ§šğŸ»â€â™€ï¸,https://linktr.ee/ziwuartemis,225680,228,56221881774,False,False,172,43,https://scontent-cdg4-1.cdninstagram.com/v/t51.2885-19/324895195_3376438979311937_8626661032766233016_n.jpg?_nc_ht=scontent-cdg4-1.cdninstagram.com&_nc_cat=105&_nc_ohc=e7H3Lui2ez4AX9PFFfa&edm=AEF8tYYBAAAA&ccb=7-5&oh=00_AfChL1NGW_bGSYrH0p82QaOKW1p8OqpwVWhLr7_saMd_JA&oe=660F639C&_nc_sid=1e20d2,6052038,12299,"fashion, fairy, corset, fantasy, fashiondesigner, fashionstyle, fairycore, jewelry, butterfly, art"
forgotten.lockett,ğ•±ğ–”ğ–—ğ–Œğ–”ğ–™ğ–™ğ–Šğ–“ ğ•·ğ–”ğ–ˆğ–ğ–Šğ–™ğ–™,"ğŸ–¤Handmade Alternative Fashion 
ğŸ–¤Worldwide Free Shipping ğŸŒ 
ğŸ–¤Custom orders welcome for all sizes 
ğŸ–¤Made in New Zealand",https://www.forgottenlockett.com/shop,92745,1226,4925361582,False,False,1859,677,https://scontent-cdg4-3.cdninstagram.com/v/t51.2885-19/87646445_645505926224483_6314167421989027840_n.jpg?_nc_ht=scontent-cdg4-3.cdninstagram.com&_nc_cat=111&_nc_ohc=2mazd041LrQAX_7KKxH&edm=AEF8tYYBAAAA&ccb=7-5&oh=00_AfAEGSTBycBoarb2Z8zDhvIYt_tvfGDQWe6Kn-d6894F9g&oe=660F7CA9&_nc_sid=1e20d2,1565765,10472,"fashion, handmade, chokerharness, choker, alternative, forgottenlockett, gothic, alternativefashion, lace, photoshoot"
vesnawedding,Ğ¡Ğ’ĞĞ”Ğ•Ğ‘ĞĞ«Ğ• ĞŸĞ›ĞĞ¢Ğ¬Ğ¯  Ğ’Ğ•Ğ§Ğ•Ğ ĞĞ˜Ğ• ĞŸĞ›ĞĞ¢Ğ¬Ğ¯,"â–ªï¸Unique design @katy___vesna 
â–ªï¸Own production in St.Petersburg 
â–ªï¸Shops Moscow & St. Petersburg
â–ªï¸ Worldwide shipping",https://taplink.cc/vesnawedding,628963,4,1332257544,False,False,2958,2072,https://scontent-cdg4-1.cdninstagram.com/v/t51.2885-19/422929536_1827204164388849_3263743611504410608_n.jpg?_nc_ht=scontent-cdg4-1.cdninstagram.com&_nc_cat=1&_nc_ohc=AMM-dajY6CQAX9O4TCS&edm=AEF8tYYBAAAA&ccb=7-5&oh=00_AfBdmUefGLc2FGX0AAHR8LdXDH0eXe45hRNyJpc34L0xzQ&oe=660F6938&_nc_sid=1e20d2,21578556,255692,"vesnawedding, Ğ¿Ğ»Ğ°Ñ‚ÑŒĞµĞ¼ĞµÑ‡Ñ‚Ñ‹, Ğ²ĞµÑ‡ĞµÑ€Ğ½ĞµĞµĞ¿Ğ»Ğ°Ñ‚ÑŒĞµĞ¼Ğ¾ÑĞºĞ²Ğ°, ÑĞ²Ğ°Ğ´ĞµĞ±Ğ½Ñ‹Ğ¹ÑĞ°Ğ»Ğ¾Ğ½Ğ¼Ğ¾ÑĞºĞ²Ğ°, Ğ¾ÑĞµĞ½Ğ½ÑÑÑ€Ğ°ÑĞ¿Ñ€Ğ¾Ğ´Ğ°Ğ¶Ğ°, ĞºÑƒĞ¿Ğ¸Ñ‚ÑŒĞ¿Ğ»Ğ°Ñ‚ÑŒĞµ, ÑĞ²Ğ°Ğ´ĞµĞ±Ğ½Ñ‹Ğ¹ÑĞ°Ğ»Ğ¾Ğ½ÑĞ¿Ğ±, ĞºÑƒĞ¿Ğ¸Ñ‚ÑŒĞ¿Ğ»Ğ°Ñ‚ÑŒĞµÑĞ¿Ğ±, vesna, ĞºÑƒĞ¿Ğ¸Ñ‚ÑŒĞ²ĞµÑ‡ĞµÑ€Ğ½ĞµĞµĞ¿Ğ»Ğ°Ñ‚ÑŒĞµ"
dario_princiotta,House of Dario Princiotta,"An Italian couturierâ€™s little dollhouse. 
Designer, Corsetmaker & dressmaker.
Read about me on Vogue, click the link below",https://www.vogue.com/article/dario-princiotta-extreme-corsets-italian-designer,52841,707,1523304049,False,False,962,216,https://scontent-cdg4-2.cdninstagram.com/v/t51.2885-19/154607117_497291864994585_2398178778953924843_n.jpg?_nc_ht=scontent-cdg4-2.cdninstagram.com&_nc_cat=109&_nc_ohc=_xaSR1y9ta8AX_IGizJ&edm=AEF8tYYBAAAA&ccb=7-5&oh=00_AfA6op6HTAcZXQSS6iJ3H1NVzz9uPe1v1YRz_8hEVow5NQ&oe=660F7CB7&_nc_sid=1e20d2,1075784,21534,"corset, corsetry, darioprinciotta, handmade, couture, corsetmaking, corsetmaker, waspwaist, fashion, marieantoinette"
stefaniamasalskaya,Ğ¡Ñ‚ĞµÑ„Ğ°Ğ½Ğ¸Ñ,"ğŸ“¸ Ğ¡Ğ½Ğ¸Ğ¼Ğ°Ñ Ğ² Ğ¡ĞŸĞ± 
Ğ—Ğ°Ğ¿Ğ¸ÑÑŒ Ğ½Ğ° ÑÑŠĞµĞ¼ĞºĞ¸ - Ğ² Ğ´Ğ¸Ñ€ĞµĞºÑ‚ğŸ¤˜",,189,38,59298400648,False,False,9,0,https://scontent-cdg4-1.cdninstagram.com/v/t51.2885-19/341022730_223569527021321_8568436275169267546_n.jpg?_nc_ht=scontent-cdg4-1.cdninstagram.com&_nc_cat=105&_nc_ohc=eNnA3urUpiQAX9Z_xKI&edm=AEF8tYYBAAAA&ccb=7-5&oh=00_AfB8NH-HqzMeeunZbaGr8y1W03YEEW1RCc_Y5kREWeEWwg&oe=660F7379&_nc_sid=1e20d2,1797,74,"Ñ„Ğ¾ĞºÑƒÑĞ½Ğ¸Ğº, Ğ¸Ğ»Ğ»ÑĞ·Ğ¸Ğ¾Ğ½Ğ¸ÑÑ‚, photography, photographer, Ñ„Ğ¾Ñ‚Ğ¾Ğ³Ñ€Ğ°Ñ„ÑĞ¿Ğ±, adawong, residentevil, leagueoflegends, jinx, arcane"
neko.to.mori,â™± NekoToMori â™± faux fur ears â™±,"â™± Faux Fur Ears & Tails | DM for custom orders
â™± worldwide tracked shipping!
ğŸ”»SHOP LINK ğŸ”»",https://nekotomori.com/,56435,3062,46666962004,False,False,1049,85,https://scontent-cdg4-1.cdninstagram.com/v/t51.2885-19/395645246_641882924791508_4663506419349457224_n.jpg?_nc_ht=scontent-cdg4-1.cdninstagram.com&_nc_cat=108&_nc_ohc=RVUcfW6UbGcAX_M6Cjg&edm=AEF8tYYBAAAA&ccb=7-5&oh=00_AfD_RSD1ISOpXFa-plCdJQqfoAkpGKXtePGYKsH1KO9dJQ&oe=660F8045&_nc_sid=1e20d2,1321487,11324,"catears, furears, catgirl, kemonomimi, nekomimi, foxears, nekoears, kittenears, cosplayear, kitsuneears"
moruhiko,MORU SHOP,"- Ears and Tails, hoodie, crop-top
- Email: moruhiko@gmail.com ğŸ’Œ
- Shipping worldwide 
- NO DM ğŸš«",https://moruhiko.com/,105324,495,25947603975,False,False,1557,79,https://scontent-cdg4-3.cdninstagram.com/v/t51.2885-19/410315779_3631440983766004_8138978617489914307_n.jpg?_nc_ht=scontent-cdg4-3.cdninstagram.com&_nc_cat=104&_nc_ohc=FfpPceXWhnUAX9QuVE_&edm=AEF8tYYBAAAA&ccb=7-5&oh=00_AfBIqy1qF9DKGhIbVaMnwq8tUq9GQQkZ4Nasq2WapdRsGw&oe=660F63F6&_nc_sid=1e20d2,3187020,40051,"catears, kittenears, kemonomimi, nekomimi, nekoears, handcraft, furears, fauxfrears, cosplay, costumeears"
geeksforge,Geek Forge,"ğŸ”˜ĞœĞ°ÑÑ‚ĞµÑ€ÑĞºĞ°Ñ ĞºÑ€Ğ°Ñ„Ñ‚Ğ°
ğŸ”˜Ğ¡Ğ¾Ğ·Ğ´Ğ°Ğ½Ğ¸Ğµ ÑƒĞ½Ğ¸ĞºĞ°Ğ»ÑŒĞ½Ñ‹Ñ… Ğ¸Ğ·Ğ´ĞµĞ»Ğ¸Ğ¹ 
ğŸ”˜Ğ¢Ğ¾Ğ²Ğ°Ñ€Ñ‹ Ğ´Ğ»Ñ ĞºĞ¾ÑĞ¿Ğ»ĞµÑ/ĞºĞ¾Ğ»Ğ»ĞµĞºÑ†Ğ¸Ğ¾Ğ½Ğ¸Ñ€Ğ¾Ğ²Ğ°Ğ½Ğ¸Ñ
ğŸ”˜ĞœĞµĞ»ĞºĞ¾ÑĞµÑ€Ğ¸Ğ¹Ğ½Ğ¾Ğµ Ğ¿Ñ€Ğ¾Ğ¸Ğ·Ğ²Ğ¾Ğ´ÑÑ‚Ğ²Ğ¾
ğŸ”˜ĞŸĞ¾Ğ»Ğ½Ñ‹Ğ¹ Ñ†Ğ¸ĞºĞ» Ğ¿Ñ€Ğ¾Ñ‚Ğ¾Ñ‚Ğ¸Ğ¿Ğ¸Ñ€Ğ¾Ğ²Ğ°Ğ½Ğ¸Ñ",https://vk.com/geeksforge,41,16,53371652221,False,False,8,1,https://scontent-cdg4-1.cdninstagram.com/v/t51.2885-19/281398610_714269073058534_446359511533779998_n.jpg?_nc_ht=scontent-cdg4-1.cdninstagram.com&_nc_cat=110&_nc_ohc=UgC52PuF7rIAX9ty24e&edm=AEF8tYYBAAAA&ccb=7-5&oh=00_AfC9gqBaPuYXdZS3vvh2Acwzd3TzJthZxO8RuX6WK58MWw&oe=660F6510&_nc_sid=1e20d2,42,1,"apexlegends, kunai, apexlegendscommunity, apex, bloodhoundapex, geeksforge, wraithapexlegends, wraithkunai"
jenza_tattoo,Jonathan Dahan â€¢Jenzaâ€¢,"Based in Tel Aviv @dynamotattootlv 
Mail: Jenzatattoo@gmail.com",,35619,805,8393819192,False,False,172,41,https://scontent-cdg4-2.cdninstagram.com/v/t51.2885-19/403284097_2067790986918564_1268481811918155620_n.jpg?_nc_ht=scontent-cdg4-2.cdninstagram.com&_nc_cat=100&_nc_ohc=X8prqvxgm18AX_7MrP-&edm=AEF8tYYBAAAA&ccb=7-5&oh=00_AfDm9Wwd0nW46i_2IFWUnKQCh5KDc7V9AInRZ8sTKKErhg&oe=660F8CE1&_nc_sid=1e20d2,257333,6665,"geometrictattoo, jenzatattoo, neotribal, ornamentaltattoo, blackwork, dotwork, blkttt, blxckwork, blacktattooart, onlyblackwork"
drian_bautista,Drian Pili Bautista,"DONT STOP DREAMINâ€™
âšœï¸FILIPINAğŸ‡µğŸ‡­
âšœï¸PR & BUSINESS > bautista.drian12@gmail.com
âšœï¸TIKTOK: @ Drianb
âšœï¸YOUTUBE CHANNELğŸ‘‡ğŸ»",https://www.youtube.com/channel/UCmZgr_HrenYnW1WdwwfxErg,308555,4629,2519985716,False,False,1607,57,https://scontent-cdg4-2.cdninstagram.com/v/t51.2885-19/416039800_902863787869861_1125115350309702220_n.jpg?_nc_ht=scontent-cdg4-2.cdninstagram.com&_nc_cat=101&_nc_ohc=U8MUQ4LQDLwAX-Q-cq8&edm=AEF8tYYBAAAA&ccb=7-5&oh=00_AfA6AayX7HK2IuSr3V9Kef1q87VX5UCnvhuPs29xbwyijQ&oe=660F7A77&_nc_sid=1e20d2,10292098,217180,"makeup, instagood, instagram, makeuptutorial, instadaily, art, makeupartist, insta, makeuplooks, instalike"
yowu.chan,Yowu å¦–èˆ,"ğŸ’–My electronic world of the cute and sweetness.ğŸ’–
Tag or #yowu to be featuredğŸŒˆ Tiktok: Yowu.chan
Buy from my website:
ğŸ‘‡ğŸ¼ğŸ‘‡ğŸ‘‡ğŸ»ğŸ‘‡ğŸ½ğŸ‘‡ğŸ¾ Now Ship Worldwide!",http://www.yowu.com/,308929,2197,24558642244,False,False,628,172,https://scontent-cdg4-2.cdninstagram.com/v/t51.2885-19/82739938_2549690835274680_61528258373484544_n.jpg?_nc_ht=scontent-cdg4-2.cdninstagram.com&_nc_cat=100&_nc_ohc=6xcQaq3Sxs8AX-BhCwb&edm=AEF8tYYBAAAA&ccb=7-5&oh=00_AfB2cLnD1etTUxjFvoYPIb7B_e2BGkmIrR1w-cOLMhN6Cg&oe=660F8E7A&_nc_sid=1e20d2,4146957,38449,"yowu, headphones, catearheadphones, headset, kawaiiaesthetic, headphone, softaesthetic, kawaiifashion, yumekawaii, wirelessheadphones"
loli_samurai_,Loli samurai ğŸ‹,"ğŸ’®21 lvl
ğŸŒ¸142cm
 âœ¨Cosplayâœ¨
Tiktok: @lolisamurai_",https://boosty.to/lolisamurai,25305,489,3233344472,False,False,328,53,https://scontent-cdg4-1.cdninstagram.com/v/t51.2885-19/317609711_524433062929634_7174385806770340739_n.jpg?_nc_ht=scontent-cdg4-1.cdninstagram.com&_nc_cat=102&_nc_ohc=6j69-uk1kJAAX-HpjAK&edm=AEF8tYYBAAAA&ccb=7-5&oh=00_AfD0nBpBpuv-Z1eg2xpc4tqDtTy3tLHuCK9psDz2EiB1GQ&oe=660F75B2&_nc_sid=1e20d2,592575,8633,"cosplay, loli, anime, kawaiicosplay, lolicosplay, animecosplay, kawaii, cosplaygirls, animeloli, ã‚³ã‚¹ãƒ—ãƒ¬"
jiajushen_pipa,Jiaju Shen,"Pipa player of @the_either_band
â€”â€”â€”â€”â€”â€”â€”â€”â€”â€”â€”â€”â€”â€”â€”
ğŸ¤ #theeither #electronic #pipa #challenger 
ğŸ§Spotify/iTunes/YouTube
ğŸ“New York, NY",http://theeither.hearnow.com/,249000,628,297637519,False,False,118,45,https://scontent-cdg4-2.cdninstagram.com/v/t51.2885-19/28436355_173731303266681_1227841406584750080_n.jpg?_nc_ht=scontent-cdg4-2.cdninstagram.com&_nc_cat=109&_nc_ohc=IuaQBdFowEEAX9F0hWy&edm=AEF8tYYBAAAA&ccb=7-5&oh=00_AfDxFggdMTpuDvzKppFzoAuovULiMCz1Pb4xWM4Yfuh2wQ&oe=660F6D9A&_nc_sid=1e20d2,1980558,18449,"pipa, musician, guitarskills, fashion, indiemusic, instamusic, musicislife, band, original, solosection"
nickhartist,Nicholas Hernandez,"Sacramento, CA
2024 Commissions Closed. Re-open in June
Visit link for full gallery and shop 
TikTok: nickhartist",http://nickhartist.com/,460354,1214,2518725410,False,True,707,174,https://scontent-cdg4-3.cdninstagram.com/v/t51.2885-19/365988857_849903816064319_7531644642774308920_n.jpg?_nc_ht=scontent-cdg4-3.cdninstagram.com&_nc_cat=111&_nc_ohc=3o2giPUIh6MAX9zKpgs&edm=AEF8tYYBAAAA&ccb=7-5&oh=00_AfC5-i1i79CC9QKkGZvx2bUpWlubOXy8U3sevNjjE8VUMQ&oe=660F7A44&_nc_sid=1e20d2,7129123,32570,"art, artcollector, texture, sacramentoartist, interiordesign, artist, textureart, contemporaryart, gallery, popart"
small_diablo,Props sculpting cosplay,"Hey! Iâ€™m #propsmaker #sculptor & #cosplayer from #Ekaterinburg
Workshop @atomic_dragon_props
Shop link on bio 
#zelda #fallout #ãƒ‰ãƒ­ãƒ˜ãƒ‰ãƒ­ #genshinimpact",https://taplink.cc/small_diablo,22734,528,327724648,False,False,790,155,https://scontent-cdg4-1.cdninstagram.com/v/t51.2885-19/331798116_1951391208525494_2509684682893337773_n.jpg?_nc_ht=scontent-cdg4-1.cdninstagram.com&_nc_cat=102&_nc_ohc=_cKB4ZZFCj8AX8LnCMl&edm=AEF8tYYBAAAA&ccb=7-5&oh=00_AfDt1eXcqGfHn8fI1_7m2TMBC-E-Co1XnQxZ0LXNUY1Nqw&oe=660F7240&_nc_sid=1e20d2,940039,9603,"cosplay, props, cosplayprogress, cosplay365, craft, mask, sculpture, replica, maskmaking, ĞºĞ¾ÑĞ¿Ğ»ĞµĞ¹"
nata_ziron,Ash,"ğŸ”¹ï¸Cosplayer and WigmakerğŸ”¹ï¸
Wigmaker @ashes.wig",https://linktr.ee/Ash_Ziron,5898,1888,563796398,False,False,614,39,https://scontent-cdg4-2.cdninstagram.com/v/t51.2885-19/172905356_569786053999959_3194292454858173808_n.jpg?_nc_ht=scontent-cdg4-2.cdninstagram.com&_nc_cat=103&_nc_ohc=1SOj08dQrzEAX9XRYnS&edm=AEF8tYYBAAAA&ccb=7-5&oh=00_AfDap3d6T7uElXq-FzROo4yoIcQdu6vg25Nc-B_Lo4M1Bw&oe=660F6F6F&_nc_sid=1e20d2,193286,2911,"cosplay, ash_wig, wig, wigstyling, cosplaywig, Ğ¿Ğ°Ñ€Ğ¸Ğº, wigmaker, hairstyle, cosplaygirl, ÑƒĞºĞ»Ğ°Ğ´ĞºĞ°_Ğ¿Ğ°Ñ€Ğ¸ĞºĞ°"
jenniferaniston,Jennifer Aniston,"My friends call me Jen.
Founder, @lolavie.",http://lolavie.com/,45302685,742,21388754496,False,True,143,63,https://scontent-cdg4-1.cdninstagram.com/v/t51.2885-19/71594249_1125833014288751_8012044229767331840_n.jpg?_nc_ht=scontent-cdg4-1.cdninstagram.com&_nc_cat=1&_nc_ohc=Pt6LCkOVU-IAX_pBRgU&edm=AEF8tYYBAAAA&ccb=7-5&oh=00_AfBOxhKxBKaMVxyE3z24idzcxC894vlIgnaznro8BwCASw&oe=660F9986&_nc_sid=1e20d2,452447364,4218147,"murdermystery2, tbt, friendsreunion, fbf, ryanhastings, internationalwomensday, wearadamnmask, ad, wellnessisvital, 1"
lhasa_teaclub_moscow,Ğ§Ğ°Ğ¹Ğ½Ñ‹Ğ¹ ĞºĞ»ÑƒĞ± Ğ›Ñ…Ğ°ÑĞ°,,https://taplink.cc/khas_teaclub,542,113,47357655574,False,False,68,19,https://scontent-cdg4-2.cdninstagram.com/v/t51.2885-19/300930448_459988066004623_3331015009029359539_n.jpg?_nc_ht=scontent-cdg4-2.cdninstagram.com&_nc_cat=107&_nc_ohc=9RWo3zJjshIAX-P6yjg&edm=AEF8tYYBAAAA&ccb=7-5&oh=00_AfCNhfZWd2qJ065GhkAKZrP9RqKtAgoV-FOHh3t4OAQhOA&oe=660F9601&_nc_sid=1e20d2,1372,67,"Ñ‡Ğ°Ğ¹Ğ¼Ğ¾ÑĞºĞ²Ğ°, Ñ‡Ğ°Ğ¹Ğ½Ğ°ÑÑ†ĞµÑ€ĞµĞ¼Ğ¾Ğ½Ğ¸Ñ, chadao, Ñ‡Ğ°Ğ´Ğ°Ğ¾, Ñ‡Ğ°Ğ¹, èŒ¶é“, ĞºĞ¸Ñ‚Ğ°Ğ¹ÑĞºĞ¸Ğ¹Ñ‡Ğ°Ğ¹, å“èŒ¶, Ğ»Ñ…Ğ°ÑĞ°, Ğ¿ÑƒÑÑ€"
istwli,steli,"ğŸ‡§ğŸ‡·
Commissions: closed
â€¼ï¸DON'T REPOST/COPY MY ARTâ€¼ï¸(pfp is ok with credit)
ğŸ“§steligaldino@gmail.com",https://mobile.twitter.com/istwli,122538,191,34265408367,False,False,62,0,https://scontent-cdg4-2.cdninstagram.com/v/t51.2885-19/357831362_1430291711144125_4366726620516456700_n.jpg?_nc_ht=scontent-cdg4-2.cdninstagram.com&_nc_cat=101&_nc_ohc=3MkQr3ZTdzUAX_-jAPG&edm=AEF8tYYBAAAA&ccb=7-5&oh=00_AfAUh4fdUMiz4GIMO-mo4X_YEWKyAroOhOerJSUNBHneiQ&oe=660F6749&_nc_sid=1e20d2,3870776,5959,"theowlhouse, adventuretime, bubbline, spiderman, spidermanacrossthespiderverse, spiderverse, marcelinethevampirequeen, lumity, wednesdayaddams, wednesday"
chenbowow,Bo Chen,Principal Illustrator at Riotgames,http://chenbo.artstation.com/,27768,96,209671201,False,False,83,0,https://scontent-cdg4-2.cdninstagram.com/v/t51.2885-19/181219538_752525865420669_2452343705402641814_n.jpg?_nc_ht=scontent-cdg4-2.cdninstagram.com&_nc_cat=109&_nc_ohc=meMu-Gkr7UsAX_aAyTP&edm=AEF8tYYBAAAA&ccb=7-5&oh=00_AfCwwwHemuD7kFnAWAaD0QH65zrHeoUP4R92l-LdkJhsMg&oe=660F885C&_nc_sid=1e20d2,83207,485,lbx2020
frankiefictitious,Frankie Fictitious,"ğ™¼ğš’ğšœğšœ ğ™´ğš¡ğš˜ğšğš’ğšŒ ğš†ğš˜ğš›ğš•ğšğŸŒ ğ™¼ğš’ğšœğšœ ğš…ğš’ğšŸğšŠ ğ™»ğšŠğšœ ğš…ğšğšğšŠğšœğŸ° 
ğšƒğš˜ğš™ ğŸ»ğŸ¶ ğ™±ğšğš›ğš•ğšğšœğššğšğšğŸŒŸ
ğšƒğš’ğš”ğšƒğš˜ğš” ğŸ·.ğŸ¹ğ™¼",http://frankiefictitious.com/frankie,212109,1004,42458896,False,False,393,64,https://scontent-cdg4-3.cdninstagram.com/v/t51.2885-19/412714375_608095651443251_6220420728407342516_n.jpg?_nc_ht=scontent-cdg4-3.cdninstagram.com&_nc_cat=111&_nc_ohc=rIoXWCZ2fCoAX9kKwSM&edm=AEF8tYYBAAAA&ccb=7-5&oh=00_AfBiQdqDfthxGlhqHGYze99twmOpI1avZ4vOc5z3hRERJw&oe=660F8E3F&_nc_sid=1e20d2,4353010,46367,"burlesque, frankiefictitious, showgirl, sanfrancisco, fishnetfollies, asianburlesque, missvivalasvegas, vlv20, hubbahubbarevue, missexoticworld"
faithpurr,faith-chan,Sailor bitch,https://linktr.ee/faith_chan,10537,1002,35523015032,False,False,132,5,https://scontent-cdg4-2.cdninstagram.com/v/t51.2885-19/302191864_462137802457920_9109345158442877107_n.jpg?_nc_ht=scontent-cdg4-2.cdninstagram.com&_nc_cat=100&_nc_ohc=Cf6o5ORK91QAX9xMxx-&edm=AEF8tYYBAAAA&ccb=7-5&oh=00_AfBldj93dUVTb8Sii7HJ9vrTGy2PyRmTZg_9BHVd-rtPZw&oe=660F8A83&_nc_sid=1e20d2,48732,776,"ergoproxy, malenia, eldenringcosplay, eldenring, rozenmaiden, shinku, arknights, nightingale, genamarvinhalloween, gwen"
muglerofficial,MUGLER,"Mugler Fashion by @cadwallader and Alien Hypersense by Mugler, now available:",https://fashion.mugler.com/,2365670,4,310037546,False,True,1003,273,https://scontent-cdg4-1.cdninstagram.com/v/t51.2885-19/329627739_587369360071892_2117343752483803078_n.jpg?_nc_ht=scontent-cdg4-1.cdninstagram.com&_nc_cat=1&_nc_ohc=BPcUpaz4zDoAX_Fy41J&edm=AEF8tYYBAAAA&ccb=7-5&oh=00_AfBauDgd0qo1ejZnCJ33MLAjBMy3vIW0c_XVWAouKDSSiQ&oe=660F89D6&_nc_sid=1e20d2,25859490,175667,"mugler, fragrance, mugleralien, newfragrance, muglerangel, createtheextraordinary, aliengoddess, muglerhm, angelelixir, muglerarchives"
mermaidsanctuarydesigns,ğŸŒ¿ Judith Bielik ğŸŒ¿,"Fairy wing and headpiece creator
Custom orders: OPEN!!
ğŸ§šâ€â™€ï¸ Wearable art for FANTASTICAL beings!  ğŸ§œâ€â™€ï¸
ğŸ¦‹ WINGS SOLD ON INSTAGRAM ONLY ğŸ§š",,58642,1004,2024014637,False,True,1952,360,https://scontent-cdg4-2.cdninstagram.com/v/t51.2885-19/367975465_817234649992080_4758678331073811965_n.jpg?_nc_ht=scontent-cdg4-2.cdninstagram.com&_nc_cat=100&_nc_ohc=QfdfgmdOMroAX-KCyTe&edm=AEF8tYYBAAAA&ccb=7-5&oh=00_AfBth-R0UePSpa3AOxTDSVleUKXTJpy8r6qWoKoBatxqDQ&oe=660F681E&_nc_sid=1e20d2,1526863,23527,"mermaidsanctuarydesigns, fairywings, cosplay, fairycore, mermaidsanctuaryonetsy, faeriewings, fantasy, fairy, fairiesofinstagram, fairytale"
vetarmora,vetarmora,just drawing,https://www.artstation.com/vetarmora,21618,475,7317082499,False,False,42,0,https://scontent-cdg4-1.cdninstagram.com/v/t51.2885-19/307087099_176579671608350_5613040385886674326_n.jpg?_nc_ht=scontent-cdg4-1.cdninstagram.com&_nc_cat=102&_nc_ohc=iuucKfsN4gcAX_g8P8M&edm=AEF8tYYBAAAA&ccb=7-5&oh=00_AfDVY0Jt9gVfbBxq4f1Wb9KNuiYKg0NL5K-gg_SYI3Xopg&oe=660F8A69&_nc_sid=1e20d2,448337,1820,"darkart, cg, cgart, dark, digitalart, horrorart, darkfantasy, demon, art, darkbeauty"
ityitj,YOUJIN CHOI,Celebrity Visual Directing,,51847,282,46214757940,False,False,129,11,https://scontent-cdg4-1.cdninstagram.com/v/t51.2885-19/404571886_1045287486796277_2568253097734208427_n.jpg?_nc_ht=scontent-cdg4-1.cdninstagram.com&_nc_cat=105&_nc_ohc=B42ND4u6vmMAX_RkR68&edm=AEF8tYYBAAAA&ccb=7-5&oh=00_AfAAYkt1WXW9rXj1ngFNz-DQrSoqIU4hINmDtJHIWBmPuA&oe=660F6EF2&_nc_sid=1e20d2,2129270,26778,"mino, rosÃ©, jisoo, lisa, tiffanyxrosÃ©, winner, dior, tiffanyandco, tiffanyhardwear, ì„¤ê°•í™”"
pivovarova_lingerie,,"backup @pivovarova_lingerie_ 
Luxury handmade lingerie 
Worldwide shipping ğŸŒ
Website â¬‡ï¸ 
Odessa , Ukraine ğŸ‡ºğŸ‡¦",https://pivovarova.ua/,196102,1,1734481750,False,False,851,115,https://scontent-cdg4-3.cdninstagram.com/v/t51.2885-19/357643920_569362332076895_8548358130342759122_n.jpg?_nc_ht=scontent-cdg4-3.cdninstagram.com&_nc_cat=111&_nc_ohc=Afb08nbidRIAX9r6Vwa&edm=AEF8tYYBAAAA&ccb=7-5&oh=00_AfD0bqm_nkqjryieXoBxDtHKKqrQ8c9wL7ATBn_vVMnlqw&oe=660F858A&_nc_sid=1e20d2,2456246,14685,"harnesslingerie, eroticlingerie, lingerieaddiction, Ğ±Ğ¾Ğ½Ğ´Ğ°Ğ¶Ğ½Ğ¾ĞµĞ±ĞµĞ»ÑŒĞµ, ÑÑ€Ğ¾Ñ‚Ğ¸Ñ‡ĞµÑĞºĞ¾ĞµĞ±ĞµĞ»ÑŒĞµ, bodouir, swimwear, swimsuit, Ğ½Ğ¸Ğ¶Ğ½ĞµĞµĞ±ĞµĞ»ÑŒĞµÑƒĞºÑ€Ğ°Ğ¸Ğ½Ğ°, girls"
graysonfinofficial,GraysonFin,"Professional cosplayer ğŸ“¸â¤ï¸
Moscow, Russia ğŸ™ï¸
TG â¬‡ï¸â¬‡ï¸â¬‡ï¸",https://t.me/graysonfincosplay,30760,330,28192227307,False,False,457,84,https://scontent-cdg4-3.cdninstagram.com/v/t51.2885-19/343090675_914943616397418_6628463278966955289_n.jpg?_nc_ht=scontent-cdg4-3.cdninstagram.com&_nc_cat=106&_nc_ohc=DAwe_dE1xccAX-_HBXN&edm=AEF8tYYBAAAA&ccb=7-5&oh=00_AfBTpmhQiW_cjl_Ap5u0iOL2poPHDKPcTnSvG_vOxjckTg&oe=660F889E&_nc_sid=1e20d2,1002205,12401,"genshinimpact, cosplay, genshincosplay, alhaitham, alhaithamcosplay, graysonfin, residentevil, leonkennedy, leonkennedycosplay, wriothesley"
ulamosart,Ula MosÌ,Drawing & colouring. Not available for commissions atm.,https://ulamosart.deviantart.com/,16021,111,6619789021,False,False,207,6,https://scontent-cdg4-2.cdninstagram.com/v/t51.2885-19/126033344_100934951826393_8101879581761457848_n.jpg?_nc_ht=scontent-cdg4-2.cdninstagram.com&_nc_cat=109&_nc_ohc=nxITvqlqLk4AX-1-LcH&edm=AEF8tYYBAAAA&ccb=7-5&oh=00_AfA9WU38XKI1Tts6jTY8FqE1auRBNKSexBEUDk1i4Qf7SA&oe=660F7713&_nc_sid=1e20d2,170248,1986,"zenescope, pinup, ulamos, comiccover, comiccoverart, comiccolorist, ulamosart, comicbookart, zenescopecomics, art"
jisuartist,Jisu,"Artist / Dropout / Dreamer 
No AI ğŸš«
â†“ Art Prints â†“",https://shor.by/jisuartist,90887,1444,6769109847,False,False,50,3,https://scontent-cdg4-3.cdninstagram.com/v/t51.2885-19/353785351_235527069224903_6848395847477098549_n.jpg?_nc_ht=scontent-cdg4-3.cdninstagram.com&_nc_cat=111&_nc_ohc=GL_hEKpMeDkAX-JVEy3&edm=AEF8tYYBAAAA&ccb=7-5&oh=00_AfAKh9tlpERQVhLbmDtmLsBWX7-bUuLo-ZDKUm_hbJ_tFw&oe=660F9C7D&_nc_sid=1e20d2,676277,3330,"illustration, wip, art, digitalart, surreal, popart, anime, fineart, 2077, animeart"
albertomielgo,Alberto Mielgo,â€¦,http://albertomielgo.com/,292171,1277,28330020,False,True,324,53,https://scontent-cdg4-2.cdninstagram.com/v/t51.2885-19/285138011_171788461957471_103916682770138750_n.jpg?_nc_ht=scontent-cdg4-2.cdninstagram.com&_nc_cat=107&_nc_ohc=_JHEWjF5H8oAX_5UGzY&edm=AEF8tYYBAAAA&ccb=7-5&oh=00_AfAjdwV-OgpRsXhRmAVHke6qUMN7DrdeIA-wKloDTskfCA&oe=660F8EEF&_nc_sid=1e20d2,1689465,24697,"wwpfilm, whatislove, lovedeathandrobots, thewitness, oscars, painting, animation, spiderverse, oilpainting, jibaro"
balamfoundation,Balam Foundation,"501(c)3 Nonprofit Organization in Mexico dedicated to spay & neuter, TNR, vet care, rescue and adoption. @balam_says @every_cats_fairy_godmother",https://www.balamfoundation.org/,29038,82,54012270697,False,False,409,401,https://scontent-cdg4-2.cdninstagram.com/v/t51.2885-19/289630692_754656049021681_662873467703797694_n.jpg?_nc_ht=scontent-cdg4-2.cdninstagram.com&_nc_cat=101&_nc_ohc=rE8Vmftg7UAAX86IWOg&edm=AEF8tYYBAAAA&ccb=7-5&oh=00_AfALoB-JBqNlzMW0DUQ3wuAc-flk3PX__L-JV645DTRM1Q&oe=660F66CC&_nc_sid=1e20d2,1991274,62024,"foreverhome, adopted, healing, goodbye, happy, fipwarrior, fip, mexico, kitten, rescue"
ringgosyah,Ringgo Syah | Illustrator,"Indonesia ğŸ‡®ğŸ‡©
ğŸ“© Business inquiries: ringgosyah.business@gmail.com",http://linktr.ee/ringgosy,65692,1501,3309634299,False,False,104,17,https://scontent-cdg4-1.cdninstagram.com/v/t51.2885-19/269086667_510737556702689_7826342684389663203_n.jpg?_nc_ht=scontent-cdg4-1.cdninstagram.com&_nc_cat=105&_nc_ohc=tK0d2NYStd8AX8X8J_y&edm=AEF8tYYBAAAA&ccb=7-5&oh=00_AfAc5OoN_cIWZC9gxDq2pLKycr703gnPSaqd3ZEn1jEeUQ&oe=660F9150&_nc_sid=1e20d2,1055162,9147,"commissionopen, procreateart, digitalartist, procreateartist, characterillustration, portraitart, characterdrawing, charactersketch, comissionpainting, speedpainting"
ksenitol,ĞšÑĞµĞ½Ğ¸Ñ Ğ¢Ğ¾Ğ»Ğ¼Ğ°Ñ‡ĞµĞ²Ğ°,"Ğ¡Ñ‚Ğ°Ğ»Ğ° Ğ¼Ğ°Ğ¼Ğ¾Ğ¹ Ğ»ÑĞ±Ğ¸Ğ¼Ğ¾Ğ¹ Ğ±ÑƒÑĞ¸Ğ½ĞºĞ¸ Ğ½Ğµ Ñ€Ğ°Ğ´Ğ¸ ĞºĞ¾Ğ½Ñ‚ĞµĞ½Ñ‚Ğ° ğŸ«¶
ĞœĞ¾Ğ¹ Ğ±Ğ»Ğ¾Ğ³ Ğ±ÑƒĞ´ĞµÑ‚ Ğ½Ğµ Ñ‚Ğ¾Ğ»ÑŒĞºĞ¾ Ğ¾ Ğ¼Ğ°Ñ‚ĞµÑ€Ğ¸Ğ½ÑÑ‚Ğ²Ğµ (ĞºĞ¾Ğ³Ğ´Ğ° Ğ½Ğ°Ğ¹Ğ´Ñƒ Ğ²Ñ€ĞµĞ¼ÑğŸ˜)ğŸŒŸ
Ğ‘Ğ¾Ğ»ÑŒÑˆĞµ life ĞºĞ¾Ğ½Ñ‚ĞµĞ½Ñ‚Ğ° Ğ¿Ğ¾ ÑÑÑ‹Ğ»ĞºĞ°Ğ¼ Ğ½Ğ¸Ğ¶ĞµğŸ‘‡",https://t.me/ksenitol_life,1055,312,1574630701,False,False,314,23,https://scontent-cdg4-1.cdninstagram.com/v/t51.2885-19/378476059_977056660039706_6386638304369583684_n.jpg?_nc_ht=scontent-cdg4-1.cdninstagram.com&_nc_cat=102&_nc_ohc=R9o-JnAB1jMAX9561Ix&edm=AEF8tYYBAAAA&ccb=7-5&oh=00_AfArmSYH3L8O87cL76cWJ_6nG3IB0fuAkF_YMuJ2a848GA&oe=660F8255&_nc_sid=1e20d2,14105,737,"Ñ„Ğ¾Ñ‚Ğ¾Ğ³Ñ€Ğ°Ñ„Ğ²Ñ€Ğ¾ÑÑ‚Ğ¾Ğ²Ğµ, Ñ„Ğ¾Ñ‚Ğ¾Ğ³Ñ€Ğ°Ñ„, Ñ„Ğ¾Ñ‚Ğ¾ÑĞµÑÑĞ¸Ñ, Ñ„Ğ¾Ñ‚Ğ¾Ğ¿Ñ€Ğ¾ĞµĞºÑ‚, Ğ´ĞµĞ²ÑƒÑˆĞºĞ°, Ğ»ÑƒĞ·Ğ°Ğ½ÑŒĞºÑĞµĞ½Ğ¸Ñ, Ğ½Ğ¾Ğ²Ñ‹Ğ¹Ğ³Ğ¾Ğ´, photoshoot, Ñ„Ğ¾Ñ‚Ğ¾Ñ€Ğ°Ğ±Ğ¾Ñ‚Ğ°, Ñ„Ğ¾Ñ‚Ğ¾ÑĞµÑÑĞ¸ÑÑ€Ğ¾ÑÑ‚Ğ¾Ğ²"
lizun_fip,Lizun_FIP,"ĞœĞµĞ½Ñ Ğ·Ğ¾Ğ²ÑƒÑ‚ Ğ›Ğ¸Ğ·ÑƒĞ½, Ñ Ğ¿Ğ¾Ğ±ĞµĞ´Ğ¸Ñ‚ĞµĞ»ÑŒ Ğ¤Ğ˜ĞŸĞ°
ĞŸĞ¾Ğ¼Ğ¾Ğ³Ğ¸Ñ‚Ğµ Ğ¿Ğ¾Ğ±ĞµĞ´Ğ¸Ñ‚ÑŒ ĞšÑ€ĞµĞ¼Ğ° ÑÑ‚Ñƒ Ğ²Ğ¾Ğ¹Ğ½Ñƒ 
ĞĞ¾Ğ¼ĞµÑ€ ĞºĞ°Ñ€Ñ‚Ñ‹:4274 3200 5079 2277
Ğ£Ğ·Ğ½Ğ°Ñ‚ÑŒ Ğ¾ ÑĞ¾ÑÑ‚Ğ¾ÑĞ½Ğ¸Ğ¸,Ğ½Ğ¾Ğ¼ĞµÑ€ Ñ‚ĞµĞ»ĞµÑ„Ğ¾Ğ½Ğ°:89180539346",,267,39,49040402173,False,False,39,3,https://scontent-cdg4-2.cdninstagram.com/v/t51.2885-19/227582002_152232693690489_7574396568792542240_n.jpg?_nc_ht=scontent-cdg4-2.cdninstagram.com&_nc_cat=109&_nc_ohc=M-IQsL357lEAX8-kiLI&edm=AEF8tYYBAAAA&ccb=7-5&oh=00_AfAAahJkVuTmIMHe5CoXq0JSqaHHb-s9WETcpJkkZPmoeA&oe=660F6AC8&_nc_sid=1e20d2,1952,381,"fipwarriors, fipcats, fipwarrior, fipwarriorofinstagram, fipcat, fipcatsofinstagram, fipcatsupport, fipcatsneedlove, savefipcat, savefipcats"
aina_to,Ai Natori åå– è—,"Ai Natori / åå– è—
âœ‰ï¸ Inquiry for @biscuit_gallery 
Group show â€œgrid3â€œ - 3/23-4/14 @biscuit_gallery",https://linktr.ee/ai_natori,135140,622,334214059,False,False,629,28,https://scontent-cdg4-1.cdninstagram.com/v/t51.2885-19/37979622_1654682911297406_6329396233559343104_n.jpg?_nc_ht=scontent-cdg4-1.cdninstagram.com&_nc_cat=102&_nc_ohc=UDd4F_SW3WAAX_VhlR_&edm=AEF8tYYBAAAA&ccb=7-5&oh=00_AfD6Pp50dO-1LWYNh7c6yIU9tFf3L4-ENcMeR4BT1Y3QAQ&oe=660F9230&_nc_sid=1e20d2,2943006,8024,"ainatori, art, drawing, illustration, girl, painting, ã‚¤ãƒ©ã‚¹ãƒˆãƒ¬ãƒ¼ã‚·ãƒ§ãƒ³, åå–è—, illustrarion, paintings"
elleenchantedcosplay,Elle,"SEMI-HIATUS focusing on graduating ğŸ“ 
23 | Atlanta, GA | @umberlantcleric
Commission status: CLOSED
Tutorials / Patreon / commission info â†“",http://elleenchantedcosplay.carrd.co/,27553,158,2985632111,False,False,256,66,https://scontent-cdg4-3.cdninstagram.com/v/t51.2885-19/429949676_412693297906326_5643181646315706286_n.jpg?_nc_ht=scontent-cdg4-3.cdninstagram.com&_nc_cat=106&_nc_ohc=TWxiLFHCF7IAX8U_gzY&edm=AEF8tYYBAAAA&ccb=7-5&oh=00_AfA9pTX-OJAarZDS-qK4Tr8wcmaMXid9tph6wa8C1Rf-DQ&oe=660F989C&_nc_sid=1e20d2,438945,3662,"cosplay, vocaloidcosplay, vocaloid, cosplayer, hatsunemiku, hatsunemikucosplay, cosplaywig, wig, cosplayday, wigcommission"
ladefaction,Lada Mesyats,"Belgrade, Yerevan, Moscow â€¢ RUS, ENG 
Booking open, for all questions ladefaction@gmail.com
@lada.mesyats life account",,155861,458,8238615416,False,False,149,8,https://scontent-cdg4-2.cdninstagram.com/v/t51.2885-19/420634767_3270116723292288_211968215656126516_n.jpg?_nc_ht=scontent-cdg4-2.cdninstagram.com&_nc_cat=100&_nc_ohc=_IT_DlI6_D4AX_fcC1e&edm=AEF8tYYBAAAA&ccb=7-5&oh=00_AfCcb-fZGA2m7DDu_Xbc7lex8dDAC-GJdklRyqFNe_bIPA&oe=660F7153&_nc_sid=1e20d2,1691125,5852,"darktattoo, darkart, deathmetalart, blackmetalart, blackworktattoo, blacktattoo, darkornaments, darkillustration, Ñ‚Ğ°Ñ‚ÑƒĞºÑ€Ğ°ÑĞ½Ğ¾Ğ´Ğ°Ñ€, Ñ‚Ğ°Ñ‚Ñƒ"
yoko_setoyama,Yoko Setoyama,"Hair stylist 
London / Paris 
@thedawesproject",https://dawesandco.com/artists/yoko-setoyama,3320,1035,2933751699,False,False,46,1,https://scontent-cdg4-3.cdninstagram.com/v/t51.2885-19/325440702_475458961426158_8938616855088183286_n.jpg?_nc_ht=scontent-cdg4-3.cdninstagram.com&_nc_cat=106&_nc_ohc=rVVxsTs1zTcAX90GW1f&edm=AEF8tYYBAAAA&ccb=7-5&oh=00_AfA7k77j0ezKVRggxkVV5AG72zGC9dDmhrlxt8F6aBFP5w&oe=660F8F19&_nc_sid=1e20d2,9969,297,"rachelchandler, photographer, styling, makeup, hair, olivierlalanne, wave, texture"
taryn_cosplay,TARYN â˜† ã‚¿ãƒªãƒ³ãƒ»ã‚³ã‚¹ãƒ—ãƒ¬,"""Surpass your limits and Go Beyond the Impossible!""
Professional Coser - Model - Performer ğŸŒğŸ­ FiTnEsS FrEaK
Con Booking: events@taryncosplay.com",https://linktr.ee/TarynCosplay,1104820,2034,4533526762,False,True,1355,189,https://scontent-cdg4-1.cdninstagram.com/v/t51.2885-19/242666725_552844072616795_3503130889926679758_n.jpg?_nc_ht=scontent-cdg4-1.cdninstagram.com&_nc_cat=1&_nc_ohc=J0q5WhcJ728AX_O1zRu&edm=AEF8tYYBAAAA&ccb=7-5&oh=00_AfA2jzKv-JLYLWqDVbXdRjEekxrVG901C1ri9RyhXbsr_A&oe=660F6B44&_nc_sid=1e20d2,30080482,299446,"cosplay, geraltofrivia, cosplayer, taryncosplay, thewitcher, witcher, leagueoflegends, cosplayphotography, wiedÅºmin, cosplaying"
ctctyo,ä¸­å¤®ç”ºæˆ¦è¡“å·¥èŠ¸_ChuochoTacticalCraft,,https://ctctyo.stores.jp/,32379,399,7717829005,False,False,505,64,https://scontent-cdg4-1.cdninstagram.com/v/t51.2885-19/242137992_543490336873142_5293784577298194246_n.jpg?_nc_ht=scontent-cdg4-1.cdninstagram.com&_nc_cat=102&_nc_ohc=_A5EtTMgTP4AX9EPnco&edm=AEF8tYYBAAAA&ccb=7-5&oh=00_AfD-YdJvtqYqJo4neeux8oe2oTCgj5naH3clLCqhRLRsJg&oe=66106CDF&_nc_sid=1e20d2,310522,2474,"typography, techwear, techno, cyberpunk, costume, techwearfashion, acryl, street, blackandwhite, craft"
ari.anna13_,Ari.Anna,Cosplayer,https://linktr.ee/ari.anna13_,18900,230,185952473,False,False,684,30,https://scontent-cdg4-1.cdninstagram.com/v/t51.2885-19/323292734_508344101162066_1656956826617224992_n.jpg?stp=dst-jpg_s320x320&_nc_ht=scontent-cdg4-1.cdninstagram.com&_nc_cat=102&_nc_ohc=iSqpKO-E4rAAX_HmuQN&edm=AOQ1c0wBAAAA&ccb=7-5&oh=00_AfAiiealjgfN-wUvIJIoWofzyxehvvOR3pAMDLaGFP7IOg&oe=66104148&_nc_sid=8b3546,490859,6701,"cosplay, akali, akalicosplay, leagueoflegends, leagueoflegendscosplay, kda, kdaakali, cosplaygirl, kdacosplay, akalynn"
dark.k.wigs,Zoisite Wigs,"Cosplay wigmaker
Commissions are open - write DM âœ¨
Shipping worldwide ğŸ‘Œ
Our shop @cosplayfandommarket",http://vk.com/der_zoisite,376,174,48284255881,False,False,82,6,https://scontent-cdg4-2.cdninstagram.com/v/t51.2885-19/236787103_198855958927164_6184315600876262361_n.jpg?stp=dst-jpg_s320x320&_nc_ht=scontent-cdg4-2.cdninstagram.com&_nc_cat=100&_nc_ohc=ofh3GjmL7wEAX9141kF&edm=AOQ1c0wBAAAA&ccb=7-5&oh=00_AfA4E3fPRhhF6XQ8yAcQUWNesTr86leXzpGT6w39Uaj8tw&oe=6610585C&_nc_sid=8b3546,3798,191,"wig, cosplaywig, wigmaker, cosplay, wigstyling, ĞºĞ¾ÑĞ¿Ğ»ĞµĞ¹, ĞºĞ¾ÑĞ¿Ğ»ÑĞ¹, Ğ¿Ğ°Ñ€Ğ¸Ğº, ÑƒĞºĞ»Ğ°Ğ´ĞºĞ°Ğ¿Ğ°Ñ€Ğ¸ĞºĞ°, cosplayer"
ziwu_artemis,YU DING,ğŸ§šğŸ»â€â™€ï¸ğ“©ğ“˜ğ“¦ğ“¤ğŸ§šğŸ»â€â™€ï¸,https://linktr.ee/ziwuartemis,225709,228,56221881774,False,False,172,43,https://scontent-cdg4-1.cdninstagram.com/v/t51.2885-19/324895195_3376438979311937_8626661032766233016_n.jpg?stp=dst-jpg_s320x320&_nc_ht=scontent-cdg4-1.cdninstagram.com&_nc_cat=105&_nc_ohc=e7H3Lui2ez4AX9PFFfa&edm=AOQ1c0wBAAAA&ccb=7-5&oh=00_AfC5wRB5s1Grbb3pqkyEJmIvjfsiFjtCcwIo5nr1R0iwOw&oe=6610449C&_nc_sid=8b3546,6054198,12301,"fashion, fairy, corset, fantasy, fashiondesigner, fashionstyle, fairycore, jewelry, butterfly, art"
forgotten.lockett,ğ•±ğ–”ğ–—ğ–Œğ–”ğ–™ğ–™ğ–Šğ–“ ğ•·ğ–”ğ–ˆğ–ğ–Šğ–™ğ–™,"ğŸ–¤Handmade Alternative Fashion 
ğŸ–¤Worldwide Free Shipping ğŸŒ 
ğŸ–¤Custom orders welcome for all sizes 
ğŸ–¤Made in New Zealand",https://www.forgottenlockett.com/shop,92740,1227,4925361582,False,False,1861,678,https://scontent-cdg4-3.cdninstagram.com/v/t51.2885-19/87646445_645505926224483_6314167421989027840_n.jpg?stp=dst-jpg_s320x320&_nc_ht=scontent-cdg4-3.cdninstagram.com&_nc_cat=111&_nc_ohc=7pASXf2r_2UAX-ZkD3x&edm=AOQ1c0wBAAAA&ccb=7-5&oh=00_AfDI_BuK55teYGuFc4yyjbguepX9hN4hy0mXv4HPx1EDKA&oe=66105DA9&_nc_sid=8b3546,1566112,10412,"fashion, handmade, chokerharness, choker, alternative, forgottenlockett, gothic, alternativefashion, lace, photoshoot"
vesnawedding,Ğ¡Ğ’ĞĞ”Ğ•Ğ‘ĞĞ«Ğ• ĞŸĞ›ĞĞ¢Ğ¬Ğ¯  Ğ’Ğ•Ğ§Ğ•Ğ ĞĞ˜Ğ• ĞŸĞ›ĞĞ¢Ğ¬Ğ¯,"â–ªï¸Unique design @katy___vesna 
â–ªï¸Own production in St.Petersburg 
â–ªï¸Shops Moscow & St. Petersburg
â–ªï¸ Worldwide shipping",https://taplink.cc/vesnawedding,628953,4,1332257544,False,False,2958,2072,https://scontent-cdg4-2.cdninstagram.com/v/t51.2885-19/422929536_1827204164388849_3263743611504410608_n.jpg?stp=dst-jpg_s320x320&_nc_ht=scontent-cdg4-2.cdninstagram.com&_nc_cat=109&_nc_ohc=AMM-dajY6CQAX9O4TCS&edm=AOQ1c0wBAAAA&ccb=7-5&oh=00_AfAf4Qpt6rTB8Go9Gz0hpSd65t9BfolDZ1iP3PI3YSMnfw&oe=66104A38&_nc_sid=8b3546,21586824,255805,"vesnawedding, Ğ¿Ğ»Ğ°Ñ‚ÑŒĞµĞ¼ĞµÑ‡Ñ‚Ñ‹, Ğ²ĞµÑ‡ĞµÑ€Ğ½ĞµĞµĞ¿Ğ»Ğ°Ñ‚ÑŒĞµĞ¼Ğ¾ÑĞºĞ²Ğ°, ÑĞ²Ğ°Ğ´ĞµĞ±Ğ½Ñ‹Ğ¹ÑĞ°Ğ»Ğ¾Ğ½Ğ¼Ğ¾ÑĞºĞ²Ğ°, Ğ¾ÑĞµĞ½Ğ½ÑÑÑ€Ğ°ÑĞ¿Ñ€Ğ¾Ğ´Ğ°Ğ¶Ğ°, ĞºÑƒĞ¿Ğ¸Ñ‚ÑŒĞ¿Ğ»Ğ°Ñ‚ÑŒĞµ, ÑĞ²Ğ°Ğ´ĞµĞ±Ğ½Ñ‹Ğ¹ÑĞ°Ğ»Ğ¾Ğ½ÑĞ¿Ğ±, ĞºÑƒĞ¿Ğ¸Ñ‚ÑŒĞ¿Ğ»Ğ°Ñ‚ÑŒĞµÑĞ¿Ğ±, vesna, ĞºÑƒĞ¿Ğ¸Ñ‚ÑŒĞ²ĞµÑ‡ĞµÑ€Ğ½ĞµĞµĞ¿Ğ»Ğ°Ñ‚ÑŒĞµ"
dario_princiotta,House of Dario Princiotta,"An Italian couturierâ€™s little dollhouse. 
Designer, Corsetmaker & dressmaker.
Read about me on Vogue, click the link below",https://www.vogue.com/article/dario-princiotta-extreme-corsets-italian-designer,52842,706,1523304049,False,False,962,216,https://scontent-cdg4-2.cdninstagram.com/v/t51.2885-19/154607117_497291864994585_2398178778953924843_n.jpg?_nc_ht=scontent-cdg4-2.cdninstagram.com&_nc_cat=109&_nc_ohc=_xaSR1y9ta8AX_IGizJ&edm=AEF8tYYBAAAA&ccb=7-5&oh=00_AfCsckRKIr18R6e4OH9bkO6Ux3RWE-yQ1MfEY7FZ2pl79Q&oe=66105DB7&_nc_sid=1e20d2,1076481,21539,"corset, corsetry, darioprinciotta, handmade, couture, corsetmaking, corsetmaker, waspwaist, fashion, marieantoinette"
stefaniamasalskaya,Ğ¡Ñ‚ĞµÑ„Ğ°Ğ½Ğ¸Ñ,"ğŸ“¸ Ğ¡Ğ½Ğ¸Ğ¼Ğ°Ñ Ğ² Ğ¡ĞŸĞ± 
Ğ—Ğ°Ğ¿Ğ¸ÑÑŒ Ğ½Ğ° ÑÑŠĞµĞ¼ĞºĞ¸ - Ğ² Ğ´Ğ¸Ñ€ĞµĞºÑ‚ğŸ¤˜",,189,38,59298400648,False,False,9,0,https://scontent-cdg4-1.cdninstagram.com/v/t51.2885-19/341022730_223569527021321_8568436275169267546_n.jpg?stp=dst-jpg_s320x320&_nc_ht=scontent-cdg4-1.cdninstagram.com&_nc_cat=105&_nc_ohc=eNnA3urUpiQAX9Z_xKI&edm=AOQ1c0wBAAAA&ccb=7-5&oh=00_AfB4D8E0-h3g3rFoIUJOF-jD0kzSpdP4vTKSNStV7TLNHQ&oe=66105479&_nc_sid=8b3546,1797,74,"Ñ„Ğ¾ĞºÑƒÑĞ½Ğ¸Ğº, Ğ¸Ğ»Ğ»ÑĞ·Ğ¸Ğ¾Ğ½Ğ¸ÑÑ‚, photography, photographer, Ñ„Ğ¾Ñ‚Ğ¾Ğ³Ñ€Ğ°Ñ„ÑĞ¿Ğ±, adawong, residentevil, leagueoflegends, jinx, arcane"
neko.to.mori,â™± NekoToMori â™± faux fur ears â™±,"â™± Faux Fur Ears & Tails | DM for custom orders
â™± worldwide tracked shipping!
ğŸ”»SHOP LINK ğŸ”»",https://nekotomori.com/,56503,3062,46666962004,False,False,1050,85,https://scontent-cdg4-1.cdninstagram.com/v/t51.2885-19/395645246_641882924791508_4663506419349457224_n.jpg?stp=dst-jpg_s320x320&_nc_ht=scontent-cdg4-1.cdninstagram.com&_nc_cat=108&_nc_ohc=k8iztiknWOYAX_Jg939&edm=AOQ1c0wBAAAA&ccb=7-5&oh=00_AfArN5reh57IFKNcWzofqziemKXNDq4SMyu4ZcfsEAMe0g&oe=66106145&_nc_sid=8b3546,1322679,11271,"catears, furears, catgirl, kemonomimi, nekomimi, foxears, nekoears, kittenears, cosplayear, kitsuneears"
moruhiko,MORU SHOP,"- Ears and Tails, hoodie, crop-top
- Email: moruhiko@gmail.com ğŸ’Œ
- Shipping worldwide 
- NO DM ğŸš«",https://moruhiko.com/,105180,495,25947603975,False,False,1558,79,https://scontent-cdg4-3.cdninstagram.com/v/t51.2885-19/410315779_3631440983766004_8138978617489914307_n.jpg?stp=dst-jpg_s320x320&_nc_ht=scontent-cdg4-3.cdninstagram.com&_nc_cat=104&_nc_ohc=FfpPceXWhnUAX9QuVE_&edm=AOQ1c0wBAAAA&ccb=7-5&oh=00_AfAYTiqkW5Ck-8Qh0OhII7j2wEHYl5iePQRlPkGFVfbMNA&oe=661044F6&_nc_sid=8b3546,3189718,40051,"catears, kittenears, kemonomimi, nekomimi, nekoears, handcraft, furears, fauxfrears, cosplay, costumeears"
geeksforge,Geek Forge,"ğŸ”˜ĞœĞ°ÑÑ‚ĞµÑ€ÑĞºĞ°Ñ ĞºÑ€Ğ°Ñ„Ñ‚Ğ°
ğŸ”˜Ğ¡Ğ¾Ğ·Ğ´Ğ°Ğ½Ğ¸Ğµ ÑƒĞ½Ğ¸ĞºĞ°Ğ»ÑŒĞ½Ñ‹Ñ… Ğ¸Ğ·Ğ´ĞµĞ»Ğ¸Ğ¹ 
ğŸ”˜Ğ¢Ğ¾Ğ²Ğ°Ñ€Ñ‹ Ğ´Ğ»Ñ ĞºĞ¾ÑĞ¿Ğ»ĞµÑ/ĞºĞ¾Ğ»Ğ»ĞµĞºÑ†Ğ¸Ğ¾Ğ½Ğ¸Ñ€Ğ¾Ğ²Ğ°Ğ½Ğ¸Ñ
ğŸ”˜ĞœĞµĞ»ĞºĞ¾ÑĞµÑ€Ğ¸Ğ¹Ğ½Ğ¾Ğµ Ğ¿Ñ€Ğ¾Ğ¸Ğ·Ğ²Ğ¾Ğ´ÑÑ‚Ğ²Ğ¾
ğŸ”˜ĞŸĞ¾Ğ»Ğ½Ñ‹Ğ¹ Ñ†Ğ¸ĞºĞ» Ğ¿Ñ€Ğ¾Ñ‚Ğ¾Ñ‚Ğ¸Ğ¿Ğ¸Ñ€Ğ¾Ğ²Ğ°Ğ½Ğ¸Ñ",https://vk.com/geeksforge,40,16,53371652221,False,False,8,1,https://scontent-cdg4-1.cdninstagram.com/v/t51.2885-19/281398610_714269073058534_446359511533779998_n.jpg?stp=dst-jpg_s320x320&_nc_ht=scontent-cdg4-1.cdninstagram.com&_nc_cat=110&_nc_ohc=UgC52PuF7rIAX9ty24e&edm=AOQ1c0wBAAAA&ccb=7-5&oh=00_AfBVsOEK_95OkVZNPDUFclZ8vUr6lu0tuDR-aA8TnN3k2Q&oe=66104610&_nc_sid=8b3546,42,1,"apexlegends, kunai, apexlegendscommunity, apex, bloodhoundapex, geeksforge, wraithapexlegends, wraithkunai"
jenza_tattoo,Jonathan Dahan â€¢Jenzaâ€¢,"Based in Tel Aviv @dynamotattootlv 
Mail: Jenzatattoo@gmail.com",,35620,805,8393819192,False,False,172,41,https://scontent-cdg4-2.cdninstagram.com/v/t51.2885-19/403284097_2067790986918564_1268481811918155620_n.jpg?stp=dst-jpg_s320x320&_nc_ht=scontent-cdg4-2.cdninstagram.com&_nc_cat=100&_nc_ohc=X8prqvxgm18AX_7MrP-&edm=AOQ1c0wBAAAA&ccb=7-5&oh=00_AfAuMvLKgs6z8pdtDEyYZBBtt8Lftec7jT2pFqicuVEt3g&oe=66106DE1&_nc_sid=8b3546,257560,6664,"geometrictattoo, jenzatattoo, neotribal, ornamentaltattoo, blackwork, dotwork, blkttt, blxckwork, blacktattooart, onlyblackwork"
yowu.chan,Yowu å¦–èˆ,"ğŸ’–My electronic world of the cute and sweetness.ğŸ’–
Tag or #yowu to be featuredğŸŒˆ Tiktok: Yowu.chan
Buy from my website:
ğŸ‘‡ğŸ¼ğŸ‘‡ğŸ‘‡ğŸ»ğŸ‘‡ğŸ½ğŸ‘‡ğŸ¾ Now Ship Worldwide!",http://www.yowu.com/,308906,2197,24558642244,False,False,628,172,https://scontent-cdg4-2.cdninstagram.com/v/t51.2885-19/82739938_2549690835274680_61528258373484544_n.jpg?_nc_ht=scontent-cdg4-2.cdninstagram.com&_nc_cat=100&_nc_ohc=xpW6AlX2AjcAX-eLQvI&edm=AEF8tYYBAAAA&ccb=7-5&oh=00_AfDGEtAcstTmkeLogq_rUtYJeySgraf5zCWA_fm2w7LapA&oe=66106F7A&_nc_sid=1e20d2,4148130,38461,"yowu, headphones, catearheadphones, headset, kawaiiaesthetic, headphone, softaesthetic, kawaiifashion, yumekawaii, wirelessheadphones"
